Term	Index
GO:0005575	0
GO:0110165	1
GO:0032991	2
GO:0044423	3
GO:0120043	4
GO:0061826	5
GO:0005829	6
GO:0043226	7
GO:0051233	8
GO:0097228	9
GO:0005622	10
GO:0140512	11
GO:0097683	12
GO:0009546	13
GO:0009542	14
GO:0009427	15
GO:0042718	16
GO:0030694	17
GO:0020008	18
GO:0097433	19
GO:0110071	20
GO:1990037	21
GO:0044290	22
GO:0097592	23
GO:0070971	24
GO:0043673	25
GO:0032179	26
GO:1990047	27
GO:0044326	28
GO:1990225	29
GO:0048471	30
GO:0020039	31
GO:0001917	32
GO:0097544	33
GO:1990716	34
GO:0043196	35
GO:0070115	36
GO:0044224	37
GO:0001652	38
GO:0009548	39
GO:0000801	40
GO:0090405	41
GO:0032426	42
GO:0106125	43
GO:0031910	44
GO:1990783	45
GO:0085036	46
GO:0120105	47
GO:1990295	48
GO:0120083	49
GO:0009425	50
GO:1990875	51
GO:0098843	52
GO:0044303	53
GO:0043198	54
GO:0090688	55
GO:0032153	56
GO:0061822	57
GO:0010319	58
GO:0043592	59
GO:0090641	60
GO:0060187	61
GO:0090637	62
GO:0140022	63
GO:0036379	64
GO:0016604	65
GO:0070938	66
GO:0110092	67
GO:0060110	68
GO:0031256	69
GO:0090724	70
GO:0097356	71
GO:1990015	72
GO:0009549	73
GO:0150004	74
GO:0097218	75
GO:0000922	76
GO:0090692	77
GO:0060107	78
GO:0061825	79
GO:0072562	80
GO:0097204	81
GO:0031257	82
GO:0043209	83
GO:0009986	84
GO:0061827	85
GO:0005726	86
GO:0031592	87
GO:0031672	88
GO:0032579	89
GO:0097478	90
GO:0036117	91
GO:0043678	92
GO:0048223	93
GO:1990030	94
GO:0009510	95
GO:0009424	96
GO:0005576	97
GO:0009431	98
GO:0033012	99
GO:1990836	100
GO:0005825	101
GO:0005630	102
GO:0097227	103
GO:0001772	104
GO:1990819	105
GO:0044327	106
GO:0005737	107
GO:0032126	108
GO:0062074	109
GO:0020031	110
GO:0097546	111
GO:0005657	112
GO:0035182	113
GO:0071944	114
GO:0060106	115
GO:0140599	116
GO:0009541	117
GO:0032161	118
GO:0001400	119
GO:0098687	120
GO:0009429	121
GO:0044304	122
GO:0097564	123
GO:0033774	124
GO:0012505	125
GO:0031977	126
GO:0016328	127
GO:0097225	128
GO:0097653	129
GO:0120134	130
GO:0097614	131
GO:0005702	132
GO:0120107	133
GO:0020038	134
GO:0043219	135
GO:0033268	136
GO:1990826	137
GO:0005713	138
GO:0005821	139
GO:0097545	140
GO:0097563	141
GO:0120098	142
GO:0020007	143
GO:0120135	144
GO:0043670	145
GO:0097268	146
GO:0090552	147
GO:1990073	148
GO:0097540	149
GO:0120219	150
GO:0009428	151
GO:0090725	152
GO:0035869	153
GO:0070057	154
GO:0090553	155
GO:0110093	156
GO:0097569	157
GO:0005822	158
GO:0031975	159
GO:1990876	160
GO:0009418	161
GO:0072324	162
GO:0000943	163
GO:0002139	164
GO:0005706	165
GO:0120100	166
GO:0099079	167
GO:0000802	168
GO:0030427	169
GO:0031430	170
GO:0031674	171
GO:0030312	172
GO:0044217	173
GO:0009504	174
GO:0061823	175
GO:0045178	176
GO:0034646	177
GO:0097197	178
GO:0034399	179
GO:0120104	180
GO:0071597	181
GO:0097566	182
GO:0042587	183
GO:1990014	184
GO:0097038	185
GO:1990916	186
GO:0090652	187
GO:0034992	188
GO:0043220	189
GO:0043159	190
GO:0014705	191
GO:0005652	192
GO:1990031	193
GO:0005933	194
GO:0046691	195
GO:0005824	196
GO:0070825	197
GO:0044195	198
GO:0005823	199
GO:0036224	200
GO:0043675	201
GO:0090635	202
GO:0120102	203
GO:0097565	204
GO:0097594	205
GO:0120212	206
GO:0070469	207
GO:0018995	208
GO:0090726	209
GO:0061835	210
GO:0060417	211
GO:0097427	212
GO:0097591	213
GO:0032123	214
GO:0043204	215
GO:0030061	216
GO:0097595	217
GO:0120082	218
GO:0120205	219
GO:0046868	220
GO:0036063	221
GO:0097567	222
GO:0070687	223
GO:0033269	224
GO:0010287	225
GO:0062201	226
GO:0097610	227
GO:0098552	228
GO:0036477	229
GO:0060418	230
GO:0009295	231
GO:0035686	232
GO:0044306	233
GO:0032432	234
GO:0098862	235
GO:0045169	236
GO:0042597	237
GO:1990900	238
GO:0035748	239
GO:0005632	240
GO:0106126	241
GO:0033150	242
GO:1990805	243
GO:0000800	244
GO:0031224	245
GO:0097422	246
GO:0005712	247
GO:0044322	248
GO:0009525	249
GO:0097445	250
GO:0032433	251
GO:0031984	252
GO:0098793	253
GO:0042763	254
GO:0030874	255
GO:0042995	256
GO:0043671	257
GO:0097226	258
GO:0097217	259
GO:0060105	260
GO:0016363	261
GO:1990794	262
GO:0048226	263
GO:0097313	264
GO:0030496	265
GO:0000399	266
GO:0036007	267
GO:0120120	268
GO:0031912	269
GO:0120121	270
GO:0043662	271
GO:0009426	272
GO:0061834	273
GO:0014801	274
GO:0150034	275
GO:0120044	276
GO:0044099	277
GO:0097224	278
GO:0020016	279
GO:0001750	280
GO:0090689	281
GO:0030315	282
GO:0032437	283
GO:0060108	284
GO:0097047	285
GO:0031673	286
GO:0009433	287
GO:0000407	288
GO:0043669	289
GO:0090636	290
GO:0097203	291
GO:0097735	292
GO:0140510	293
GO:0048786	294
GO:0090658	295
GO:0032158	296
GO:0005621	297
GO:0120206	298
GO:0097002	299
GO:0043034	300
GO:0035843	301
GO:1990427	302
GO:0097684	303
GO:1990717	304
GO:0070701	305
GO:0060104	306
GO:0034451	307
GO:0043593	308
GO:0016020	309
GO:0030054	310
GO:0098794	311
GO:0043595	312
GO:0106124	313
GO:1990013	314
GO:0120220	315
GO:0055044	316
GO:0020023	317
GO:0062160	318
GO:0071341	319
GO:0061645	320
GO:0005615	321
GO:0044232	322
GO:0033172	323
GO:0048224	324
GO:0020010	325
GO:0030017	326
GO:0032584	327
GO:0005815	328
GO:0042716	329
GO:0097542	330
GO:0070865	331
GO:0031252	332
GO:0031911	333
GO:0120307	334
GO:0120280	335
GO:0043036	336
GO:0033270	337
GO:0070258	338
GO:0009574	339
GO:0020032	340
GO:0060111	341
GO:0032178	342
GO:0036457	343
GO:0044298	344
GO:0097562	345
GO:0044292	346
GO:0035749	347
GO:0046818	348
GO:0009930	349
GO:0097423	350
GO:0097596	351
GO:0097541	352
GO:0009532	353
GO:0030875	354
GO:0010339	355
GO:0061845	356
GO:0043194	357
GO:0043674	358
GO:0030018	359
GO:0097543	360
GO:1990016	361
GO:0045171	362
GO:0000242	363
GO:0098833	364
GO:0009419	365
GO:0097229	366
GO:0097448	367
GO:0140511	368
GO:0070645	369
GO:0097593	370
GO:0033101	371
GO:0001651	372
GO:0035253	373
GO:0048217	374
GO:0043676	375
GO:0009524	376
GO:0055120	377
GO:0001650	378
GO:0090543	379
GO:0001891	380
GO:0090651	381
GO:0005930	382
GO:0043188	383
GO:0090642	384
GO:0120106	385
GO:0071808	386
GO:0045177	387
GO:0019898	388
GO:0005654	389
GO:0043680	390
GO:1990718	391
GO:0031974	392
GO:0042641	393
GO:0031254	394
GO:0043218	395
GO:0099080	396
GO:0097613	397
GO:1990018	398
GO:0043668	399
GO:1990752	400
GO:0019037	401
GO:0009421	402
GO:0048225	403
GO:0061830	404
GO:0002177	405
GO:0005631	406
GO:0120260	407
GO:0060109	408
GO:0048222	409
GO:0097568	410
GO:0043672	411
GO:0043265	412
GO:0044280	413
GO:0009420	414
GO:1990038	415
GO:0030428	416
GO:0120321	417
GO:0000785	418
GO:0035183	419
GO:0099086	420
GO:0061908	421
GO:0043203	422
GO:0030478	423
GO:0009422	424
GO:0030486	425
GO:0097574	426
GO:0044297	427
GO:0090734	428
GO:0043245	429
GO:0097537	430
GO:0008540	431
GO:1990957	432
GO:0016272	433
GO:0072379	434
GO:1990706	435
GO:0036501	436
GO:1990666	437
GO:0034464	438
GO:0062073	439
GO:1990660	440
GO:0000417	441
GO:0098561	442
GO:0032311	443
GO:1990351	444
GO:0036286	445
GO:0044697	446
GO:0000808	447
GO:0098636	448
GO:0039658	449
GO:1990315	450
GO:0002199	451
GO:0043293	452
GO:0005885	453
GO:0030991	454
GO:0045298	455
GO:0008290	456
GO:1990586	457
GO:0071203	458
GO:0106093	459
GO:0019814	460
GO:0005616	461
GO:0030082	462
GO:1990909	463
GO:0098820	464
GO:0046798	465
GO:0044815	466
GO:0002133	467
GO:0019773	468
GO:0120228	469
GO:0019774	470
GO:1990125	471
GO:0097710	472
GO:0061927	473
GO:0062048	474
GO:0030990	475
GO:1904090	476
GO:0034749	477
GO:0031941	478
GO:1990730	479
GO:1990527	480
GO:0061696	481
GO:0034973	482
GO:1990200	483
GO:0097196	484
GO:0032993	485
GO:0034750	486
GO:1990346	487
GO:0002167	488
GO:1990062	489
GO:1990661	490
GO:0043235	491
GO:0150005	492
GO:0005663	493
GO:1990499	494
GO:0061574	495
GO:0043511	496
GO:1990298	497
GO:1903502	498
GO:1990871	499
GO:0005862	500
GO:0031262	501
GO:0016281	502
GO:0097058	503
GO:0120124	504
GO:0034044	505
GO:1990341	506
GO:0043493	507
GO:0062049	508
GO:0005875	509
GO:0005577	510
GO:1990423	511
GO:0090443	512
GO:0000930	513
GO:0031680	514
GO:0036284	515
GO:0008541	516
GO:0005831	517
GO:0002929	518
GO:0097078	519
GO:0110157	520
GO:0032992	521
GO:0097255	522
GO:0019035	523
GO:0110142	524
GO:0034996	525
GO:0070744	526
GO:1990696	527
GO:0071563	528
GO:1990112	529
GO:0005853	530
GO:1902494	531
GO:1990665	532
GO:0031105	533
GO:0140513	534
GO:0031209	535
GO:0097071	536
GO:0070743	537
GO:0061702	538
GO:1990745	539
GO:0005581	540
GO:0106002	541
GO:0034518	542
GO:0043291	543
GO:1990684	544
GO:0097057	545
GO:0001535	546
GO:0033551	547
GO:0098796	548
GO:0106003	549
GO:0035658	550
GO:0035693	551
GO:0097059	552
GO:0002142	553
GO:0034270	554
GO:1902695	555
GO:0022624	556
GO:0035649	557
GO:0008537	558
GO:0000444	559
GO:0043850	560
GO:1990861	561
GO:0097344	562
GO:0038045	563
GO:0140535	564
GO:0036375	565
GO:0043256	566
GO:0031251	567
GO:0046806	568
GO:1990964	569
GO:0043684	570
GO:0070695	571
GO:0030081	572
GO:0030076	573
GO:0033193	574
GO:0098733	575
GO:0000133	576
GO:0044777	577
GO:1990528	578
GO:0022623	579
GO:0110131	580
GO:0005667	581
GO:1990788	582
GO:0005838	583
GO:0120171	584
GO:0070864	585
GO:0005852	586
GO:1990393	587
GO:0097136	588
GO:0044816	589
GO:1903503	590
GO:0005861	591
GO:0001534	592
GO:1990100	593
GO:0140224	594
GO:1905742	595
GO:0055087	596
GO:0090665	597
GO:0099126	598
GO:0061703	599
GO:0070826	600
GO:0070745	601
GO:0140007	602
GO:0070288	603
GO:1990615	604
GO:0061957	605
GO:0032300	606
GO:0120114	607
GO:0019036	608
GO:0033596	609
GO:0106249	610
GO:1990526	611
GO:0031074	612
GO:0000408	613
GO:0140534	614
GO:0002096	615
GO:0098046	616
GO:0032994	617
GO:0031389	618
GO:0097452	619
GO:0098798	620
GO:0017102	621
GO:0036038	622
GO:0120099	623
GO:1990682	624
GO:0031511	625
GO:0033104	626
GO:0099023	627
GO:0034748	628
GO:0097347	629
GO:0031838	630
GO:0005931	631
GO:1990104	632
GO:0071141	633
GO:1990078	634
GO:0097495	635
GO:1990811	636
GO:0140451	637
GO:1990597	638
GO:0070422	639
GO:0062167	640
GO:1990667	641
GO:0001536	642
GO:0061700	643
GO:0005602	644
GO:0110078	645
GO:0036452	646
GO:0031521	647
GO:0036398	648
GO:0030257	649
GO:1990130	650
GO:0005854	651
GO:1990904	652
GO:0071817	653
GO:1990463	654
GO:0097619	655
GO:0120216	656
GO:1990229	657
GO:0005851	658
GO:0062092	659
GO:1990727	660
GO:1990563	661
GO:0030314	662
GO:1990509	663
GO:0035859	664
GO:0048180	665
GO:1990630	666
GO:1990923	667
GO:0016459	668
GO:0015627	669
GO:0005833	670
GO:0032766	671
GO:0000940	672
GO:0031395	673
GO:0030080	674
GO:0038059	675
GO:0097373	676
GO:0120155	677
GO:0043514	678
GO:1990252	679
GO:1990728	680
GO:0042555	681
GO:0000939	682
GO:0005850	683
GO:0070441	684
GO:0018444	685
GO:1990065	686
GO:0030993	687
GO:0036454	688
GO:0000974	689
GO:0001114	690
GO:0106333	691
GO:0008091	692
GO:1990533	693
GO:0030256	694
GO:0033186	695
GO:0030992	696
GO:0002193	697
GO:0071075	698
GO:0033061	699
GO:1990733	700
GO:0098030	701
GO:0098021	702
GO:0098027	703
GO:0019028	704
GO:0098031	705
GO:0098026	706
GO:0039626	707
GO:0055036	708
GO:0036338	709
GO:0046729	710
GO:0098029	711
GO:0019033	712
GO:0098023	713
GO:0098024	714
GO:0098028	715
GO:0098025	716
GO:0098061	717
GO:0019013	718
GO:0039625	719
GO:0039642	720
GO:0039624	721
GO:0098015	722
GO:0046727	723
GO:0099522	724
GO:0043229	725
GO:0043228	726
GO:0043227	727
GO:0099572	728
GO:0043230	729
GO:1990385	730
GO:1990023	731
GO:0044100	732
GO:0016234	733
GO:0046821	734
GO:0070725	735
GO:0009579	736
GO:0070090	737
GO:0005727	738
GO:0070477	739
GO:0097686	740
GO:1990723	741
GO:1990020	742
GO:1990021	743
GO:1990901	744
GO:1990902	745
GO:0044225	746
GO:0051286	747
GO:0090712	748
GO:0044226	749
GO:0005863	750
GO:0005865	751
GO:0035363	752
GO:0015030	753
GO:0016605	754
GO:0016607	755
GO:0042382	756
GO:0010445	757
GO:0071920	758
GO:0097504	759
GO:0035061	760
GO:1990251	761
GO:0016606	762
GO:0071601	763
GO:0005826	764
GO:0032589	765
GO:0032587	766
GO:0031258	767
GO:0097453	768
GO:0097219	769
GO:0097220	770
GO:0097431	771
GO:0090619	772
GO:0072563	773
GO:0031259	774
GO:0098595	775
GO:0099544	776
GO:0043083	777
GO:0048046	778
GO:0061496	779
GO:0099568	780
GO:0045495	781
GO:1990917	782
GO:0005938	783
GO:0016528	784
GO:0043596	785
GO:0043597	786
GO:0036391	787
GO:0032174	788
GO:0000144	789
GO:0032177	790
GO:0032169	791
GO:0062199	792
GO:0000775	793
GO:0005704	794
GO:0005703	795
GO:0000781	796
GO:0005705	797
GO:0034507	798
GO:0034506	799
GO:0031978	800
GO:0031979	801
GO:0070117	802
GO:0005715	803
GO:0005714	804
GO:0061498	805
GO:0032391	806
GO:0061497	807
GO:0030313	808
GO:0031967	809
GO:0002140	810
GO:0002141	811
GO:0035838	812
GO:0030426	813
GO:0005935	814
GO:0043332	815
GO:0001411	816
GO:0005934	817
GO:0043667	818
GO:0031012	819
GO:0005618	820
GO:0030115	821
GO:0030112	822
GO:0042600	823
GO:0106139	824
GO:0044218	825
GO:0034430	826
GO:0033105	827
GO:0061499	828
GO:0061493	829
GO:0070470	830
GO:0005746	831
GO:0043657	832
GO:0033643	833
GO:0043655	834
GO:0099070	835
GO:1905720	836
GO:0099071	837
GO:1901589	838
GO:1990039	839
GO:0016029	840
GO:0097685	841
GO:0097612	842
GO:0097611	843
GO:0009897	844
GO:0098562	845
GO:0098569	846
GO:0098572	847
GO:0098571	848
GO:0031241	849
GO:0098570	850
GO:0098576	851
GO:0031240	852
GO:0043590	853
GO:0042646	854
GO:0042645	855
GO:0043679	856
GO:0097518	857
GO:0031003	858
GO:0097517	859
GO:0031002	860
GO:0032421	861
GO:0005903	862
GO:0036240	863
GO:0030287	864
GO:0030288	865
GO:0031230	866
GO:0016021	867
GO:0031300	868
GO:0031225	869
GO:0031226	870
GO:0097633	871
GO:0031360	872
GO:0098791	873
GO:0032046	874
GO:0031976	875
GO:0098827	876
GO:0043195	877
GO:0042764	878
GO:0042601	879
GO:0097424	880
GO:0005731	881
GO:0120025	882
GO:0009289	883
GO:0090395	884
GO:0009288	885
GO:0097589	886
GO:0085035	887
GO:0120200	888
GO:0120199	889
GO:0032163	890
GO:0032162	891
GO:1990435	892
GO:1990434	893
GO:0097687	894
GO:0070702	895
GO:0070703	896
GO:0031090	897
GO:0140549	898
GO:0042175	899
GO:0034357	900
GO:0005886	901
GO:0036362	902
GO:0005628	903
GO:0048475	904
GO:0005642	905
GO:0140221	906
GO:0070056	907
GO:0019867	908
GO:0034045	909
GO:0098590	910
GO:0098857	911
GO:0045202	912
GO:0120118	913
GO:0070161	914
GO:0043197	915
GO:0098975	916
GO:0140525	917
GO:0030479	918
GO:0120095	919
GO:1990816	920
GO:0044289	921
GO:0044233	922
GO:0071561	923
GO:0140284	924
GO:0140268	925
GO:0044284	926
GO:0098853	927
GO:0036064	928
GO:0000923	929
GO:0031021	930
GO:0005816	931
GO:0005813	932
GO:0031633	933
GO:0061850	934
GO:0061851	935
GO:0009568	936
GO:0009569	937
GO:0032809	938
GO:0044294	939
GO:0044293	940
GO:0044296	941
GO:0098788	942
GO:0009577	943
GO:0009575	944
GO:0034060	945
GO:0009578	946
GO:0009570	947
GO:0009576	948
GO:1905506	949
GO:0009571	950
GO:0070263	951
GO:1990033	952
GO:0045172	953
GO:0098549	954
GO:0035448	955
GO:0031244	956
GO:0031312	957
GO:0019897	958
GO:0140222	959
GO:0043233	960
GO:0001725	961
GO:0005818	962
GO:0035770	963
GO:0097741	964
GO:0099081	965
GO:0098644	966
GO:0000776	967
GO:0097740	968
GO:1905760	969
GO:0035371	970
GO:1905721	971
GO:0036449	972
GO:0000935	973
GO:0000933	974
GO:0000934	975
GO:0061638	976
GO:0000792	977
GO:0000791	978
GO:0030998	979
GO:0000795	980
GO:0031255	981
GO:0120249	982
GO:0043025	983
GO:1990017	984
GO:0035861	985
GO:0031612	986
GO:0031610	987
GO:0072380	988
GO:0071818	989
GO:1990350	990
GO:0061852	991
GO:1902556	992
GO:1902495	993
GO:0031317	994
GO:0062051	995
GO:0042719	996
GO:1990531	997
GO:1990429	998
GO:0000809	999
GO:0005664	1000
GO:0098637	1001
GO:0098635	1002
GO:0008305	1003
GO:0005870	1004
GO:1990587	1005
GO:1990588	1006
GO:0071761	1007
GO:0071758	1008
GO:0071753	1009
GO:0071760	1010
GO:0042571	1011
GO:0071759	1012
GO:0071745	1013
GO:0071735	1014
GO:0071762	1015
GO:0071742	1016
GO:0019815	1017
GO:0071738	1018
GO:0000782	1019
GO:0031617	1020
GO:0000786	1021
GO:0140225	1022
GO:1990249	1023
GO:0008278	1024
GO:0106069	1025
GO:0000796	1026
GO:0033202	1027
GO:0031604	1028
GO:0031606	1029
GO:0031607	1030
GO:0031609	1031
GO:0097179	1032
GO:0016914	1033
GO:0044834	1034
GO:1990077	1035
GO:0036387	1036
GO:0034206	1037
GO:1990178	1038
GO:1990177	1039
GO:0070565	1040
GO:0097550	1041
GO:0097520	1042
GO:0097519	1043
GO:0030894	1044
GO:0031261	1045
GO:1990097	1046
GO:0097522	1047
GO:0035692	1048
GO:1905540	1049
GO:0098802	1050
GO:0034751	1051
GO:0098665	1052
GO:0038104	1053
GO:0140368	1054
GO:1905571	1055
GO:0002947	1056
GO:0070195	1057
GO:1902710	1058
GO:0002116	1059
GO:1990620	1060
GO:1903768	1061
GO:1905543	1062
GO:0046696	1063
GO:0019907	1064
GO:0150006	1065
GO:1902773	1066
GO:0044796	1067
GO:0120231	1068
GO:0043598	1069
GO:0043599	1070
GO:0043513	1071
GO:0043512	1072
GO:1990500	1073
GO:0005869	1074
GO:0070652	1075
GO:0031500	1076
GO:0030286	1077
GO:0008352	1078
GO:0005871	1079
GO:0032133	1080
GO:0000931	1081
GO:0008275	1082
GO:0061828	1083
GO:0061829	1084
GO:0031615	1085
GO:0031613	1086
GO:0071666	1087
GO:0017087	1088
GO:0019008	1089
GO:0070421	1090
GO:0106232	1091
GO:0009341	1092
GO:0071092	1093
GO:1990204	1094
GO:0009368	1095
GO:0044675	1096
GO:0009328	1097
GO:0045273	1098
GO:1905202	1099
GO:0071089	1100
GO:0031510	1101
GO:1905348	1102
GO:1902508	1103
GO:0017109	1104
GO:0072589	1105
GO:1903269	1106
GO:0072669	1107
GO:0009318	1108
GO:0098009	1109
GO:1903600	1110
GO:0043541	1111
GO:0070214	1112
GO:0070069	1113
GO:0031421	1114
GO:0031250	1115
GO:0071067	1116
GO:0010598	1117
GO:0031422	1118
GO:0071513	1119
GO:0008074	1120
GO:0009320	1121
GO:0071012	1122
GO:0106055	1123
GO:0044681	1124
GO:0061576	1125
GO:1904949	1126
GO:0010169	1127
GO:0009330	1128
GO:0033588	1129
GO:0070332	1130
GO:0071088	1131
GO:0031391	1132
GO:0097342	1133
GO:1990143	1134
GO:0071057	1135
GO:0036125	1136
GO:0009337	1137
GO:1905354	1138
GO:0048492	1139
GO:0030877	1140
GO:0005954	1141
GO:0071013	1142
GO:0009316	1143
GO:0030929	1144
GO:0005601	1145
GO:0009332	1146
GO:0031429	1147
GO:0030895	1148
GO:0005950	1149
GO:0120123	1150
GO:0140715	1151
GO:0019197	1152
GO:0034615	1153
GO:0002144	1154
GO:0005835	1155
GO:0071091	1156
GO:0005951	1157
GO:0005839	1158
GO:1902687	1159
GO:0035550	1160
GO:0009350	1161
GO:0000118	1162
GO:0009366	1163
GO:0010316	1164
GO:0030956	1165
GO:0010007	1166
GO:1903293	1167
GO:0010318	1168
GO:1990221	1169
GO:1990391	1170
GO:0042720	1171
GO:0009356	1172
GO:1990234	1173
GO:0009343	1174
GO:0009317	1175
GO:0071078	1176
GO:1902793	1177
GO:0070331	1178
GO:0032807	1179
GO:0005966	1180
GO:1990358	1181
GO:0071093	1182
GO:0009344	1183
GO:0045283	1184
GO:0034081	1185
GO:0009346	1186
GO:1905368	1187
GO:0010317	1188
GO:0032299	1189
GO:0071090	1190
GO:0036087	1191
GO:0070559	1192
GO:0008247	1193
GO:1904176	1194
GO:1905360	1195
GO:0044676	1196
GO:0009345	1197
GO:1904974	1198
GO:1990233	1199
GO:0009338	1200
GO:0044569	1201
GO:0017177	1202
GO:0017101	1203
GO:0017086	1204
GO:0044677	1205
GO:0043033	1206
GO:0000015	1207
GO:0005697	1208
GO:0045293	1209
GO:1905379	1210
GO:1990356	1211
GO:0044672	1212
GO:0070765	1213
GO:0045239	1214
GO:0052718	1215
GO:0032152	1216
GO:0032151	1217
GO:0031523	1218
GO:0031533	1219
GO:0005656	1220
GO:0032545	1221
GO:0062238	1222
GO:0030532	1223
GO:0034753	1224
GO:0070467	1225
GO:0043601	1226
GO:1990622	1227
GO:0033557	1228
GO:0030958	1229
GO:0070516	1230
GO:0032390	1231
GO:1990713	1232
GO:0008180	1233
GO:0070552	1234
GO:0000109	1235
GO:0070354	1236
GO:0032039	1237
GO:0046536	1238
GO:0043847	1239
GO:0090573	1240
GO:0034457	1241
GO:0031598	1242
GO:0002111	1243
GO:0031499	1244
GO:0000817	1245
GO:0034388	1246
GO:0070877	1247
GO:0008622	1248
GO:1990862	1249
GO:0089701	1250
GO:0035145	1251
GO:0032302	1252
GO:0031518	1253
GO:0033065	1254
GO:0043240	1255
GO:0000347	1256
GO:0070762	1257
GO:1990469	1258
GO:0071821	1259
GO:0034981	1260
GO:1990354	1261
GO:0032798	1262
GO:0035059	1263
GO:0044776	1264
GO:0030685	1265
GO:0035097	1266
GO:0070876	1267
GO:0005643	1268
GO:0070545	1269
GO:0033063	1270
GO:0034692	1271
GO:0044611	1272
GO:0005681	1273
GO:0071178	1274
GO:0044613	1275
GO:0070603	1276
GO:0000120	1277
GO:0033597	1278
GO:0032301	1279
GO:0090570	1280
GO:0031298	1281
GO:0005662	1282
GO:0031390	1283
GO:0008023	1284
GO:0062119	1285
GO:0035808	1286
GO:0062141	1287
GO:0070353	1288
GO:0034978	1289
GO:0033064	1290
GO:0070517	1291
GO:0034974	1292
GO:0031380	1293
GO:1990333	1294
GO:0042272	1295
GO:0071664	1296
GO:0034980	1297
GO:0043564	1298
GO:0070532	1299
GO:0005849	1300
GO:0048189	1301
GO:0071175	1302
GO:0030870	1303
GO:0044614	1304
GO:0090575	1305
GO:0031519	1306
GO:0030896	1307
GO:0090661	1308
GO:0071159	1309
GO:0032806	1310
GO:0034456	1311
GO:1990512	1312
GO:0070310	1313
GO:0090574	1314
GO:0071181	1315
GO:0032116	1316
GO:0070313	1317
GO:0071819	1318
GO:0031431	1319
GO:0070531	1320
GO:0044615	1321
GO:0055029	1322
GO:0044612	1323
GO:0000152	1324
GO:0033203	1325
GO:0005655	1326
GO:0033066	1327
GO:0106083	1328
GO:1990453	1329
GO:0070390	1330
GO:0070693	1331
GO:0002180	1332
GO:0070274	1333
GO:0043625	1334
GO:0062128	1335
GO:0071177	1336
GO:0070767	1337
GO:0000346	1338
GO:0033167	1339
GO:0031601	1340
GO:0034455	1341
GO:0071176	1342
GO:0070557	1343
GO:0000123	1344
GO:0090572	1345
GO:0061838	1346
GO:0000214	1347
GO:0071180	1348
GO:0070533	1349
GO:0000818	1350
GO:0031080	1351
GO:0000783	1352
GO:0034064	1353
GO:0019908	1354
GO:1990477	1355
GO:0043626	1356
GO:0043845	1357
GO:0031595	1358
GO:0000176	1359
GO:0071204	1360
GO:0042729	1361
GO:0030689	1362
GO:0032389	1363
GO:0070418	1364
GO:0071182	1365
GO:0043846	1366
GO:0005677	1367
GO:0005958	1368
GO:0090571	1369
GO:0033620	1370
GO:0033062	1371
GO:0070209	1372
GO:0110103	1373
GO:0071179	1374
GO:0098654	1375
GO:0016592	1376
GO:0097075	1377
GO:0097074	1378
GO:0097073	1379
GO:0097072	1380
GO:0097085	1381
GO:0072559	1382
GO:0140634	1383
GO:0072558	1384
GO:0097169	1385
GO:0072557	1386
GO:0140738	1387
GO:0098642	1388
GO:1990326	1389
GO:1990324	1390
GO:0005598	1391
GO:0005593	1392
GO:0005583	1393
GO:0030936	1394
GO:0098651	1395
GO:0030934	1396
GO:0005589	1397
GO:0098745	1398
GO:0005845	1399
GO:0106095	1400
GO:0005846	1401
GO:0034519	1402
GO:1990685	1403
GO:1990686	1404
GO:1990063	1405
GO:0045265	1406
GO:0030904	1407
GO:0160005	1408
GO:0106103	1409
GO:0098797	1410
GO:0031205	1411
GO:0016472	1412
GO:0009539	1413
GO:0045269	1414
GO:0033177	1415
GO:1990604	1416
GO:0031207	1417
GO:0071439	1418
GO:0009521	1419
GO:0017090	1420
GO:0000835	1421
GO:0009654	1422
GO:0030897	1423
GO:0042824	1424
GO:0009783	1425
GO:0044570	1426
GO:0042765	1427
GO:0033178	1428
GO:0071986	1429
GO:1990629	1430
GO:0009782	1431
GO:0031201	1432
GO:0000506	1433
GO:0008250	1434
GO:0045267	1435
GO:0000815	1436
GO:0033282	1437
GO:0098799	1438
GO:0062137	1439
GO:0009538	1440
GO:0010278	1441
GO:0010006	1442
GO:0140622	1443
GO:0032937	1444
GO:0032969	1445
GO:0036502	1446
GO:0097658	1447
GO:0034424	1448
GO:0009923	1449
GO:0000813	1450
GO:0035369	1451
GO:0030964	1452
GO:0062079	1453
GO:0044695	1454
GO:0032936	1455
GO:0072546	1456
GO:0098807	1457
GO:1990850	1458
GO:0031502	1459
GO:0005785	1460
GO:0005942	1461
GO:0000814	1462
GO:0030117	1463
GO:0046930	1464
GO:0034098	1465
GO:0071595	1466
GO:0031897	1467
GO:0030905	1468
GO:0061742	1469
GO:0098800	1470
GO:0000136	1471
GO:0106234	1472
GO:0030906	1473
GO:0042825	1474
GO:0098803	1475
GO:1990332	1476
GO:0030119	1477
GO:1990231	1478
GO:0016469	1479
GO:0005787	1480
GO:0071256	1481
GO:0061779	1482
GO:0030089	1483
GO:1990621	1484
GO:0036513	1485
GO:1902694	1486
GO:0034741	1487
GO:0033256	1488
GO:1990306	1489
GO:0005953	1490
GO:0032449	1491
GO:0000502	1492
GO:0031026	1493
GO:0010170	1494
GO:0005955	1495
GO:0031522	1496
GO:0101031	1497
GO:0030008	1498
GO:0035301	1499
GO:0034745	1500
GO:0097361	1501
GO:0005956	1502
GO:0071521	1503
GO:0071152	1504
GO:0071153	1505
GO:1990303	1506
GO:0031248	1507
GO:0038201	1508
GO:0030015	1509
GO:0033593	1510
GO:0032517	1511
GO:0009375	1512
GO:0097539	1513
GO:0034717	1514
GO:0016610	1515
GO:0032045	1516
GO:0044609	1517
GO:0120103	1518
GO:0005963	1519
GO:0031082	1520
GO:0031371	1521
GO:1990328	1522
GO:0032996	1523
GO:0034746	1524
GO:0034743	1525
GO:0070419	1526
GO:0034977	1527
GO:1990305	1528
GO:0000131	1529
GO:0030880	1530
GO:0034716	1531
GO:1990304	1532
GO:0008043	1533
GO:0048269	1534
GO:0009357	1535
GO:0120269	1536
GO:0000151	1537
GO:0097149	1538
GO:0034744	1539
GO:0017122	1540
GO:0042575	1541
GO:0032144	1542
GO:0071154	1543
GO:0031501	1544
GO:0033607	1545
GO:0070850	1546
GO:0070937	1547
GO:0030014	1548
GO:0071155	1549
GO:0005952	1550
GO:0099078	1551
GO:0031588	1552
GO:0005611	1553
GO:1990338	1554
GO:0043258	1555
GO:0043261	1556
GO:0005607	1557
GO:0005606	1558
GO:0005612	1559
GO:0005609	1560
GO:1990340	1561
GO:0061801	1562
GO:0043257	1563
GO:0043259	1564
GO:1990339	1565
GO:0005608	1566
GO:0005610	1567
GO:0043260	1568
GO:0030077	1569
GO:0009503	1570
GO:0030937	1571
GO:0031560	1572
GO:0031562	1573
GO:0031563	1574
GO:0031561	1575
GO:0089713	1576
GO:0017053	1577
GO:0090578	1578
GO:0019185	1579
GO:0090577	1580
GO:1990198	1581
GO:1903865	1582
GO:0090576	1583
GO:0110129	1584
GO:0016581	1585
GO:0031600	1586
GO:0071540	1587
GO:0071541	1588
GO:0097142	1589
GO:0097146	1590
GO:0097147	1591
GO:0097140	1592
GO:0097138	1593
GO:0097148	1594
GO:0097141	1595
GO:0097139	1596
GO:0097145	1597
GO:0097137	1598
GO:0097143	1599
GO:0097144	1600
GO:1990501	1601
GO:1990584	1602
GO:0016010	1603
GO:1990779	1604
GO:0071086	1605
GO:0070289	1606
GO:1990710	1607
GO:0097587	1608
GO:0034719	1609
GO:0120115	1610
GO:1990726	1611
GO:0034715	1612
GO:0034718	1613
GO:0032797	1614
GO:0042564	1615
GO:0042565	1616
GO:0016222	1617
GO:1990425	1618
GO:0031211	1619
GO:0034099	1620
GO:1990529	1621
GO:0034663	1622
GO:0120097	1623
GO:0070939	1624
GO:0032865	1625
GO:0034664	1626
GO:0043529	1627
GO:0070385	1628
GO:1990777	1629
GO:0060987	1630
GO:0034985	1631
GO:0009841	1632
GO:0099128	1633
GO:0016507	1634
GO:0019910	1635
GO:0061671	1636
GO:0005757	1637
GO:0002187	1638
GO:0106098	1639
GO:0017133	1640
GO:0034245	1641
GO:0045025	1642
GO:0005760	1643
GO:0031019	1644
GO:0005763	1645
GO:0005762	1646
GO:0030678	1647
GO:0002169	1648
GO:0043294	1649
GO:0005967	1650
GO:0030062	1651
GO:0000938	1652
GO:0000145	1653
GO:0017119	1654
GO:0033263	1655
GO:1990121	1656
GO:0071142	1657
GO:0071144	1658
GO:1990083	1659
GO:1990084	1660
GO:1990085	1661
GO:1990082	1662
GO:0033565	1663
GO:0070993	1664
GO:0005844	1665
GO:0044391	1666
GO:0043614	1667
GO:0070992	1668
GO:0044207	1669
GO:0048500	1670
GO:0071254	1671
GO:0016456	1672
GO:0030677	1673
GO:0030684	1674
GO:0031332	1675
GO:0070761	1676
GO:1990124	1677
GO:0005732	1678
GO:1990572	1679
GO:1904564	1680
GO:1990562	1681
GO:0043510	1682
GO:0043509	1683
GO:0048183	1684
GO:0016461	1685
GO:0016460	1686
GO:0042642	1687
GO:0097362	1688
GO:1990150	1689
GO:0016942	1690
GO:1990265	1691
GO:0097523	1692
GO:0098022	1693
GO:0039670	1694
GO:0019030	1695
GO:0019029	1696
GO:0039641	1697
GO:0019031	1698
GO:0098017	1699
GO:0098018	1700
GO:0099523	1701
GO:0099524	1702
GO:0043232	1703
GO:0043231	1704
GO:0043264	1705
GO:0065010	1706
GO:0097444	1707
GO:0005929	1708
GO:0031982	1709
GO:0099629	1710
GO:0097482	1711
GO:0014069	1712
GO:0097413	1713
GO:0097412	1714
GO:0097409	1715
GO:0097408	1716
GO:0097407	1717
GO:0097416	1718
GO:0097417	1719
GO:0097420	1720
GO:0097419	1721
GO:0042405	1722
GO:0097418	1723
GO:0070088	1724
GO:0016235	1725
GO:1990011	1726
GO:0030075	1727
GO:0070116	1728
GO:0005729	1729
GO:0005728	1730
GO:0035839	1731
GO:0035619	1732
GO:0035062	1733
GO:0110086	1734
GO:0110085	1735
GO:0030673	1736
GO:0032590	1737
GO:0032591	1738
GO:0060171	1739
GO:0032838	1740
GO:0099738	1741
GO:0060293	1742
GO:0000779	1743
GO:0140445	1744
GO:0099115	1745
GO:0033114	1746
GO:0009543	1747
GO:0009526	1748
GO:0005740	1749
GO:0070732	1750
GO:0005635	1751
GO:0035840	1752
GO:0090404	1753
GO:0035841	1754
GO:0044295	1755
GO:0009519	1756
GO:0062130	1757
GO:1990377	1758
GO:0070505	1759
GO:0062023	1760
GO:0062039	1761
GO:0035805	1762
GO:0062129	1763
GO:0031160	1764
GO:0009274	1765
GO:0009277	1766
GO:0009505	1767
GO:0097570	1768
GO:0120234	1769
GO:0120238	1770
GO:0030114	1771
GO:0120240	1772
GO:0090123	1773
GO:0042603	1774
GO:0120239	1775
GO:0044084	1776
GO:0044221	1777
GO:0020004	1778
GO:0044156	1779
GO:0033646	1780
GO:0044155	1781
GO:0035792	1782
GO:0043665	1783
GO:0039713	1784
GO:0044231	1785
GO:0033644	1786
GO:0020005	1787
GO:0044385	1788
GO:0043656	1789
GO:0044158	1790
GO:0044228	1791
GO:0044157	1792
GO:0044538	1793
GO:0140593	1794
GO:0140220	1795
GO:0044230	1796
GO:0044229	1797
GO:0043664	1798
GO:0020006	1799
GO:1990040	1800
GO:0097618	1801
GO:0098591	1802
GO:0098567	1803
GO:0009898	1804
GO:0098548	1805
GO:0098574	1806
GO:0098539	1807
GO:0098554	1808
GO:0032473	1809
GO:0010009	1810
GO:0098575	1811
GO:0098538	1812
GO:0098565	1813
GO:0098547	1814
GO:0098553	1815
GO:0099617	1816
GO:0098568	1817
GO:0042644	1818
GO:0042647	1819
GO:1990623	1820
GO:0044305	1821
GO:0044316	1822
GO:0099096	1823
GO:0070648	1824
GO:0098859	1825
GO:0090732	1826
GO:0045203	1827
GO:0036405	1828
GO:0031246	1829
GO:0031243	1830
GO:0036418	1831
GO:0031361	1832
GO:0031301	1833
GO:0089717	1834
GO:0005887	1835
GO:0097634	1836
GO:0098573	1837
GO:0097630	1838
GO:0031227	1839
GO:0031310	1840
GO:0098563	1841
GO:0031229	1842
GO:0031308	1843
GO:0098952	1844
GO:1990695	1845
GO:0031302	1846
GO:0031228	1847
GO:0098956	1848
GO:0031231	1849
GO:1990673	1850
GO:1990694	1851
GO:1990693	1852
GO:0031350	1853
GO:0098993	1854
GO:0099036	1855
GO:0099034	1856
GO:0099037	1857
GO:0099035	1858
GO:0046658	1859
GO:1990873	1860
GO:0031233	1861
GO:0099240	1862
GO:0031235	1863
GO:0005802	1864
GO:0005795	1865
GO:0031985	1866
GO:0009534	1867
GO:0042649	1868
GO:0009843	1869
GO:0071781	1870
GO:0014802	1871
GO:0071782	1872
GO:0097467	1873
GO:1990795	1874
GO:1990026	1875
GO:0061175	1876
GO:0150086	1877
GO:1990024	1878
GO:0061174	1879
GO:1990796	1880
GO:1990027	1881
GO:1990025	1882
GO:0120327	1883
GO:0070451	1884
GO:0098854	1885
GO:0001726	1886
GO:0032059	1887
GO:0097386	1888
GO:1990905	1889
GO:0070685	1890
GO:0016028	1891
GO:0030027	1892
GO:0090406	1893
GO:0098846	1894
GO:0044393	1895
GO:0001931	1896
GO:0036194	1897
GO:0043005	1898
GO:0098858	1899
GO:0031143	1900
GO:0005937	1901
GO:0035618	1902
GO:0097511	1903
GO:0035230	1904
GO:0044096	1905
GO:0140621	1906
GO:0098774	1907
GO:0090396	1908
GO:0090397	1909
GO:0090705	1910
GO:0055040	1911
GO:0085041	1912
GO:0031965	1913
GO:0032588	1914
GO:0033016	1915
GO:0098588	1916
GO:0005789	1917
GO:0012506	1918
GO:0110146	1919
GO:0042170	1920
GO:0019866	1921
GO:0031966	1922
GO:1990578	1923
GO:0097381	1924
GO:0032580	1925
GO:0042651	1926
GO:0042717	1927
GO:0001533	1928
GO:0097524	1929
GO:0042383	1930
GO:0009279	1931
GO:0043594	1932
GO:0031968	1933
GO:0016327	1934
GO:0009925	1935
GO:1990913	1936
GO:0120003	1937
GO:0120267	1938
GO:0031253	1939
GO:0110070	1940
GO:0031520	1941
GO:0032154	1942
GO:0044853	1943
GO:0005905	1944
GO:0099400	1945
GO:0016324	1946
GO:0097060	1947
GO:0016323	1948
GO:1990075	1949
GO:0060342	1950
GO:0031676	1951
GO:0045121	1952
GO:0099401	1953
GO:0031594	1954
GO:0060077	1955
GO:0098692	1956
GO:0098691	1957
GO:0140240	1958
GO:0099192	1959
GO:0097470	1960
GO:0098982	1961
GO:0098978	1962
GO:0098981	1963
GO:0098979	1964
GO:0099154	1965
GO:0098984	1966
GO:0098685	1967
GO:0098690	1968
GO:0060076	1969
GO:0005911	1970
GO:0030055	1971
GO:0120119	1972
GO:0097464	1973
GO:1902675	1974
GO:1902678	1975
GO:1902673	1976
GO:1902676	1977
GO:1902677	1978
GO:1902672	1979
GO:1902636	1980
GO:1902674	1981
GO:1902671	1982
GO:0035974	1983
GO:0044732	1984
GO:0031616	1985
GO:0061916	1986
GO:0061917	1987
GO:0035324	1988
GO:0035323	1989
GO:0035449	1990
GO:0036420	1991
GO:0031245	1992
GO:0031242	1993
GO:0097632	1994
GO:0097629	1995
GO:0098850	1996
GO:0098922	1997
GO:0031315	1998
GO:0031313	1999
GO:0098929	2000
GO:0035452	2001
GO:0031314	2002
GO:0000306	2003
GO:0005780	2004
GO:0031316	2005
GO:0042406	2006
GO:0090498	2007
GO:0031234	2008
GO:0099243	2009
GO:0031232	2010
GO:0070013	2011
GO:0120203	2012
GO:0034591	2013
GO:0031983	2014
GO:0032117	2015
GO:0097165	2016
GO:0036464	2017
GO:0098645	2018
GO:0099512	2019
GO:0098643	2020
GO:0098648	2021
GO:1904511	2022
GO:0062194	2023
GO:0000936	2024
GO:0051077	2025
GO:0000937	2026
GO:0001739	2027
GO:1990342	2028
GO:0140720	2029
GO:0005725	2030
GO:0033553	2031
GO:0031934	2032
GO:0005721	2033
GO:0035985	2034
GO:1990343	2035
GO:1990203	2036
GO:0061993	2037
GO:1990281	2038
GO:1903113	2039
GO:0045275	2040
GO:0033573	2041
GO:1990195	2042
GO:1990207	2043
GO:0034702	2044
GO:0062155	2045
GO:0009319	2046
GO:1990662	2047
GO:1903103	2048
GO:1902509	2049
GO:0061841	2050
GO:0098533	2051
GO:1903114	2052
GO:0045271	2053
GO:1990530	2054
GO:1990971	2055
GO:0090733	2056
GO:1990972	2057
GO:0140366	2058
GO:1990724	2059
GO:0034687	2060
GO:0034684	2061
GO:0034676	2062
GO:0034686	2063
GO:0034688	2064
GO:0034668	2065
GO:0070442	2066
GO:0034675	2067
GO:0034677	2068
GO:0034674	2069
GO:0034678	2070
GO:0034681	2071
GO:0034667	2072
GO:0034690	2073
GO:0034665	2074
GO:0034680	2075
GO:0034685	2076
GO:0034682	2077
GO:0034683	2078
GO:0034691	2079
GO:0034666	2080
GO:0034669	2081
GO:0034679	2082
GO:0034689	2083
GO:0071755	2084
GO:0071754	2085
GO:0071743	2086
GO:0071746	2087
GO:0071736	2088
GO:0071739	2089
GO:0071747	2090
GO:0071737	2091
GO:0071744	2092
GO:0071740	2093
GO:0071741	2094
GO:0043769	2095
GO:0043505	2096
GO:0140573	2097
GO:1990250	2098
GO:0030892	2099
GO:0030893	2100
GO:1990161	2101
GO:0009379	2102
GO:0017117	2103
GO:1990156	2104
GO:0097180	2105
GO:1990098	2106
GO:1990099	2107
GO:1990103	2108
GO:1990101	2109
GO:1990102	2110
GO:0036389	2111
GO:0043600	2112
GO:0071162	2113
GO:0000811	2114
GO:0042101	2115
GO:0030526	2116
GO:0070110	2117
GO:1990712	2118
GO:0038140	2119
GO:0016516	2120
GO:0045323	2121
GO:0098878	2122
GO:0038144	2123
GO:0032002	2124
GO:0005892	2125
GO:0097648	2126
GO:0005895	2127
GO:0045092	2128
GO:0035355	2129
GO:0005897	2130
GO:0038141	2131
GO:0070021	2132
GO:0043384	2133
GO:0005893	2134
GO:0030876	2135
GO:0038142	2136
GO:0005894	2137
GO:0005896	2138
GO:0035631	2139
GO:0048179	2140
GO:0070724	2141
GO:0005899	2142
GO:0038197	2143
GO:0038139	2144
GO:0038143	2145
GO:0005898	2146
GO:0072536	2147
GO:0042022	2148
GO:0005900	2149
GO:0030988	2150
GO:0035354	2151
GO:0034752	2152
GO:0098666	2153
GO:1902711	2154
GO:1902712	2155
GO:1903767	2156
GO:1990334	2157
GO:1990877	2158
GO:0044775	2159
GO:0005868	2160
GO:0005858	2161
GO:0016938	2162
GO:0016939	2163
GO:0005873	2164
GO:0005872	2165
GO:0032921	2166
GO:0043020	2167
GO:0009339	2168
GO:1990201	2169
GO:1903958	2170
GO:0009322	2171
GO:0009390	2172
GO:0045242	2173
GO:0015050	2174
GO:1990205	2175
GO:1990202	2176
GO:0062151	2177
GO:0005960	2178
GO:0045240	2179
GO:0045254	2180
GO:1902792	2181
GO:0045251	2182
GO:1904852	2183
GO:0009331	2184
GO:1902693	2185
GO:0009325	2186
GO:1902515	2187
GO:0030386	2188
GO:0044679	2189
GO:1990148	2190
GO:0009326	2191
GO:0045281	2192
GO:0005971	2193
GO:0030700	2194
GO:0009334	2195
GO:0002197	2196
GO:1905862	2197
GO:0062077	2198
GO:0009321	2199
GO:0044678	2200
GO:1902560	2201
GO:0009324	2202
GO:0140690	2203
GO:0009840	2204
GO:0045274	2205
GO:1902555	2206
GO:1905347	2207
GO:0045277	2208
GO:0009512	2209
GO:0071685	2210
GO:0071017	2211
GO:0071006	2212
GO:0062091	2213
GO:0120217	2214
GO:0009340	2215
GO:0090730	2216
GO:0000178	2217
GO:0009573	2218
GO:0048494	2219
GO:0071007	2220
GO:0071018	2221
GO:0030931	2222
GO:0030930	2223
GO:0031603	2224
GO:0070014	2225
GO:0000812	2226
GO:0070211	2227
GO:0034967	2228
GO:0070823	2229
GO:0070824	2230
GO:0070210	2231
GO:1990483	2232
GO:0070822	2233
GO:1904096	2234
GO:0045253	2235
GO:0008287	2236
GO:1904097	2237
GO:1904144	2238
GO:1990330	2239
GO:1990329	2240
GO:0009380	2241
GO:0005969	2242
GO:0061695	2243
GO:1990658	2244
GO:0009329	2245
GO:0009333	2246
GO:0106068	2247
GO:0005836	2248
GO:0000148	2249
GO:0140615	2250
GO:0009349	2251
GO:0010330	2252
GO:1904423	2253
GO:0044673	2254
GO:1990228	2255
GO:0070916	2256
GO:0009347	2257
GO:1990302	2258
GO:0032476	2259
GO:0034708	2260
GO:0009382	2261
GO:0045252	2262
GO:1902493	2263
GO:0009348	2264
GO:1990230	2265
GO:0005965	2266
GO:0005948	2267
GO:0005946	2268
GO:0002178	2269
GO:0005968	2270
GO:0044674	2271
GO:0034274	2272
GO:0032284	2273
GO:0032282	2274
GO:0005749	2275
GO:0045284	2276
GO:0034083	2277
GO:0034082	2278
GO:1905286	2279
GO:0005745	2280
GO:0061672	2281
GO:1905369	2282
GO:0120125	2283
GO:0000124	2284
GO:0005834	2285
GO:1990131	2286
GO:1990232	2287
GO:0010367	2288
GO:0010368	2289
GO:0000333	2290
GO:0031020	2291
GO:0036396	2292
GO:0045246	2293
GO:0042709	2294
GO:0120259	2295
GO:0097525	2296
GO:0005683	2297
GO:0070312	2298
GO:0000110	2299
GO:0070522	2300
GO:0071942	2301
GO:0000112	2302
GO:0070912	2303
GO:0000111	2304
GO:0070913	2305
GO:0000113	2306
GO:0000446	2307
GO:0000445	2308
GO:0044666	2309
GO:0070311	2310
GO:0044665	2311
GO:0043494	2312
GO:0035098	2313
GO:0048188	2314
GO:0071010	2315
GO:0071020	2316
GO:0071023	2317
GO:0005689	2318
GO:0005684	2319
GO:0044530	2320
GO:0071011	2321
GO:0071014	2322
GO:0140091	2323
GO:0140288	2324
GO:0071565	2325
GO:0016514	2326
GO:0031010	2327
GO:0016586	2328
GO:0071564	2329
GO:0035060	2330
GO:0097346	2331
GO:0110016	2332
GO:0090545	2333
GO:0140093	2334
GO:0140092	2335
GO:0000500	2336
GO:0005668	2337
GO:0070860	2338
GO:0070449	2339
GO:0016593	2340
GO:0008024	2341
GO:0032044	2342
GO:0032021	2343
GO:0032783	2344
GO:0035101	2345
GO:0071665	2346
GO:0070369	2347
GO:0005847	2348
GO:0005848	2349
GO:0070985	2350
GO:0035189	2351
GO:0071943	2352
GO:0000439	2353
GO:0097221	2354
GO:0005669	2355
GO:1990617	2356
GO:1990433	2357
GO:0016513	2358
GO:1990907	2359
GO:0032444	2360
GO:0070514	2361
GO:1990590	2362
GO:0005672	2363
GO:0062071	2364
GO:1990589	2365
GO:0005673	2366
GO:1990647	2367
GO:0033309	2368
GO:0030907	2369
GO:0030232	2370
GO:0033276	2371
GO:0070847	2372
GO:0005675	2373
GO:1990378	2374
GO:1990664	2375
GO:0008230	2376
GO:0036488	2377
GO:0140552	2378
GO:0016602	2379
GO:0089716	2380
GO:0005674	2381
GO:1990513	2382
GO:0070721	2383
GO:0099053	2384
GO:0035976	2385
GO:0035517	2386
GO:0035102	2387
GO:0035525	2388
GO:0090695	2389
GO:0090694	2390
GO:0000418	2391
GO:0000419	2392
GO:0005666	2393
GO:0005658	2394
GO:0005736	2395
GO:0005665	2396
GO:0016591	2397
GO:0140261	2398
GO:0005680	2399
GO:0043224	2400
GO:0031436	2401
GO:0033768	2402
GO:0106094	2403
GO:0070775	2404
GO:0070461	2405
GO:1902562	2406
GO:0070187	2407
GO:1990879	2408
GO:1990508	2409
GO:0101019	2410
GO:0030690	2411
GO:0030692	2412
GO:0030691	2413
GO:0030869	2414
GO:0061793	2415
GO:0061773	2416
GO:0070440	2417
GO:0070722	2418
GO:1990711	2419
GO:0070443	2420
GO:0017054	2421
GO:0070176	2422
GO:0070439	2423
GO:0030935	2424
GO:0005587	2425
GO:0005599	2426
GO:0005591	2427
GO:1990321	2428
GO:0005596	2429
GO:0005597	2430
GO:0005595	2431
GO:1990320	2432
GO:0005594	2433
GO:1990318	2434
GO:1990319	2435
GO:0005585	2436
GO:1990325	2437
GO:0005584	2438
GO:1990323	2439
GO:0005586	2440
GO:0005588	2441
GO:0005592	2442
GO:0005600	2443
GO:1990327	2444
GO:1990322	2445
GO:0005582	2446
GO:0030938	2447
GO:0005590	2448
GO:0045266	2449
GO:0000274	2450
GO:0071129	2451
GO:0071096	2452
GO:0031913	2453
GO:0070770	2454
GO:0071119	2455
GO:0045262	2456
GO:0034995	2457
GO:0070031	2458
GO:0030132	2459
GO:0071118	2460
GO:0071123	2461
GO:0070620	2462
GO:0071124	2463
GO:0005891	2464
GO:0070621	2465
GO:0000222	2466
GO:0070437	2467
GO:0070619	2468
GO:0008076	2469
GO:0071099	2470
GO:0071115	2471
GO:0071125	2472
GO:0045278	2473
GO:0016027	2474
GO:0070023	2475
GO:0071080	2476
GO:0071138	2477
GO:0071053	2478
GO:0070465	2479
GO:0042611	2480
GO:0071052	2481
GO:0071062	2482
GO:0070719	2483
GO:0071098	2484
GO:0071101	2485
GO:0070030	2486
GO:0044731	2487
GO:1990398	2488
GO:0035868	2489
GO:0071060	2490
GO:0097025	2491
GO:0035866	2492
GO:0070763	2493
GO:0016014	2494
GO:0097538	2495
GO:0062136	2496
GO:0070024	2497
GO:0071065	2498
GO:0071137	2499
GO:1990851	2500
GO:0071183	2501
GO:0005579	2502
GO:0071087	2503
GO:0030122	2504
GO:0070519	2505
GO:0070720	2506
GO:0070464	2507
GO:0071085	2508
GO:0044799	2509
GO:0030096	2510
GO:0071127	2511
GO:0034673	2512
GO:0016342	2513
GO:0000223	2514
GO:0071068	2515
GO:0071070	2516
GO:0071120	2517
GO:0071059	2518
GO:0071121	2519
GO:0070357	2520
GO:0071113	2521
GO:1990392	2522
GO:0071100	2523
GO:0035867	2524
GO:0071134	2525
GO:0070466	2526
GO:0034662	2527
GO:0070618	2528
GO:0030094	2529
GO:0070558	2530
GO:0071116	2531
GO:0071102	2532
GO:0032997	2533
GO:0071064	2534
GO:0071131	2535
GO:0070764	2536
GO:0070017	2537
GO:0045264	2538
GO:0045268	2539
GO:0071082	2540
GO:0016011	2541
GO:0009921	2542
GO:0071135	2543
GO:0071069	2544
GO:0071128	2545
GO:0071095	2546
GO:0071136	2547
GO:0008282	2548
GO:0070450	2549
GO:0045260	2550
GO:0071094	2551
GO:0005889	2552
GO:0071122	2553
GO:0071054	2554
GO:0005890	2555
GO:0071083	2556
GO:0035003	2557
GO:0070520	2558
GO:0045270	2559
GO:0070515	2560
GO:1990184	2561
GO:0071081	2562
GO:0071097	2563
GO:0070518	2564
GO:1990176	2565
GO:0016013	2566
GO:0071079	2567
GO:0071112	2568
GO:0048493	2569
GO:0071061	2570
GO:0071114	2571
GO:0071084	2572
GO:0019183	2573
GO:1990270	2574
GO:0016600	2575
GO:0033181	2576
GO:0045272	2577
GO:0016935	2578
GO:0071055	2579
GO:0071132	2580
GO:0045282	2581
GO:0070771	2582
GO:0005922	2583
GO:0016012	2584
GO:0043190	2585
GO:0070769	2586
GO:0070521	2587
GO:0033281	2588
GO:0034997	2589
GO:0070435	2590
GO:0071058	2591
GO:0001518	2592
GO:0002095	2593
GO:0070333	2594
GO:0071126	2595
GO:0031264	2596
GO:0071117	2597
GO:0070029	2598
GO:0070334	2599
GO:0071130	2600
GO:0070718	2601
GO:0045276	2602
GO:0071056	2603
GO:0071133	2604
GO:0070436	2605
GO:0016473	2606
GO:0016474	2607
GO:0005756	2608
GO:0045263	2609
GO:0033179	2610
GO:0009523	2611
GO:0009522	2612
GO:0000837	2613
GO:0000836	2614
GO:1990389	2615
GO:1902500	2616
GO:1902502	2617
GO:0045261	2618
GO:0033180	2619
GO:0070768	2620
GO:0070766	2621
GO:0070554	2622
GO:0070046	2623
GO:0070033	2624
GO:0070067	2625
GO:0070044	2626
GO:0070356	2627
GO:0070032	2628
GO:0070066	2629
GO:0070065	2630
GO:0070068	2631
GO:0070045	2632
GO:0070047	2633
GO:0097654	2634
GO:0070048	2635
GO:0070049	2636
GO:0070355	2637
GO:0034998	2638
GO:0035000	2639
GO:0034999	2640
GO:0005754	2641
GO:0036266	2642
GO:0005742	2643
GO:0045320	2644
GO:0009544	2645
GO:0009655	2646
GO:0030085	2647
GO:0030095	2648
GO:0033174	2649
GO:0030093	2650
GO:0009656	2651
GO:0033175	2652
GO:0097585	2653
GO:0097586	2654
GO:0097584	2655
GO:0097582	2656
GO:0097583	2657
GO:0097651	2658
GO:0035032	2659
GO:0097652	2660
GO:0030118	2661
GO:0030120	2662
GO:0036053	2663
GO:0042652	2664
GO:0042653	2665
GO:1990524	2666
GO:1990246	2667
GO:0061617	2668
GO:0140275	2669
GO:0005744	2670
GO:0000276	2671
GO:0000275	2672
GO:1990677	2673
GO:0005753	2674
GO:0042721	2675
GO:0035632	2676
GO:0062011	2677
GO:0001405	2678
GO:0005750	2679
GO:0031942	2680
GO:0005747	2681
GO:0005751	2682
GO:0032478	2683
GO:0140497	2684
GO:0140498	2685
GO:0030124	2686
GO:0030123	2687
GO:0030131	2688
GO:0044599	2689
GO:1990490	2690
GO:0033176	2691
GO:0045259	2692
GO:0071261	2693
GO:0005784	2694
GO:0033257	2695
GO:1990111	2696
GO:0031597	2697
GO:0031027	2698
GO:0009342	2699
GO:1990565	2700
GO:0005832	2701
GO:0033254	2702
GO:0016465	2703
GO:0140714	2704
GO:1990071	2705
GO:1990070	2706
GO:1990072	2707
GO:0031414	2708
GO:0031931	2709
GO:0031932	2710
GO:0016611	2711
GO:0016613	2712
GO:0016612	2713
GO:0034066	2714
GO:0031085	2715
GO:0031084	2716
GO:0031083	2717
GO:0035370	2718
GO:0033503	2719
GO:0031372	2720
GO:0070420	2721
GO:0000428	2722
GO:0031379	2723
GO:1990452	2724
GO:1990353	2725
GO:0000153	2726
GO:0031461	2727
GO:0097505	2728
GO:0071797	2729
GO:0034657	2730
GO:1990352	2731
GO:0009360	2732
GO:0009355	2733
GO:0016035	2734
GO:0033185	2735
GO:0030079	2736
GO:0030078	2737
GO:0009517	2738
GO:0009518	2739
GO:0110001	2740
GO:0036411	2741
GO:0000126	2742
GO:0034734	2743
GO:0034735	2744
GO:0034740	2745
GO:0070264	2746
GO:0000127	2747
GO:0034730	2748
GO:0034731	2749
GO:0070387	2750
GO:0070386	2751
GO:0070388	2752
GO:0017059	2753
GO:0034358	2754
GO:0005947	2755
GO:0045244	2756
GO:0005962	2757
GO:0033290	2758
GO:0016282	2759
GO:0015935	2760
GO:0015934	2761
GO:0033291	2762
GO:0080085	2763
GO:0005786	2764
GO:0048501	2765
GO:0030680	2766
GO:0030681	2767
GO:0032040	2768
GO:0030688	2769
GO:0030687	2770
GO:0030686	2771
GO:0016442	2772
GO:0031428	2773
GO:0072588	2774
GO:0000172	2775
GO:0031479	2776
GO:0031481	2777
GO:0031477	2778
GO:0031484	2779
GO:0031485	2780
GO:0045160	2781
GO:0031478	2782
GO:0031483	2783
GO:0031475	2784
GO:0031476	2785
GO:0031488	2786
GO:0042385	2787
GO:0031486	2788
GO:0031480	2789
GO:0031482	2790
GO:0031487	2791
GO:0031474	2792
GO:0005859	2793
GO:0042567	2794
GO:0042568	2795
GO:0098032	2796
GO:0098033	2797
GO:0039621	2798
GO:0039629	2799
GO:0039619	2800
GO:0039623	2801
GO:0039628	2802
GO:0039622	2803
GO:0039617	2804
GO:0039616	2805
GO:0039627	2806
GO:0039620	2807
GO:0039615	2808
GO:0039618	2809
GO:0032019	2810
GO:0098593	2811
GO:0005730	2812
GO:0044312	2813
GO:0045170	2814
GO:1990732	2815
GO:0031469	2816
GO:0099091	2817
GO:0034515	2818
GO:0005694	2819
GO:1990934	2820
GO:0098536	2821
GO:0098681	2822
GO:0062159	2823
GO:0005814	2824
GO:0097597	2825
GO:0046858	2826
GO:0097727	2827
GO:0098682	2828
GO:0140453	2829
GO:0005811	2830
GO:0043292	2831
GO:1990973	2832
GO:0031411	2833
GO:0005819	2834
GO:0005856	2835
GO:0120293	2836
GO:0042151	2837
GO:0140737	2838
GO:0002102	2839
GO:0005840	2840
GO:0010369	2841
GO:0033009	2842
GO:0097693	2843
GO:0016007	2844
GO:0044223	2845
GO:0009536	2846
GO:0005783	2847
GO:0031094	2848
GO:0044222	2849
GO:0044227	2850
GO:0032047	2851
GO:0042735	2852
GO:1990413	2853
GO:0020022	2854
GO:0005793	2855
GO:0140494	2856
GO:0010168	2857
GO:0020009	2858
GO:0110143	2859
GO:0005773	2860
GO:0044311	2861
GO:1990462	2862
GO:0005801	2863
GO:0097708	2864
GO:0033099	2865
GO:0071212	2866
GO:0042579	2867
GO:0061468	2868
GO:0005794	2869
GO:0070074	2870
GO:0005739	2871
GO:0005634	2872
GO:0042566	2873
GO:0140644	2874
GO:0043263	2875
GO:0055039	2876
GO:0085026	2877
GO:0020003	2878
GO:1903561	2879
GO:0097730	2880
GO:0031514	2881
GO:0099573	2882
GO:0097415	2883
GO:0097414	2884
GO:0140602	2885
GO:1990012	2886
GO:0032157	2887
GO:0000142	2888
GO:0097014	2889
GO:0120111	2890
GO:0061803	2891
GO:0045179	2892
GO:0061802	2893
GO:0099631	2894
GO:0097575	2895
GO:0031097	2896
GO:1904269	2897
GO:0098831	2898
GO:0045180	2899
GO:0051285	2900
GO:1990753	2901
GO:0098834	2902
GO:0033112	2903
GO:0034425	2904
GO:0031898	2905
GO:0009941	2906
GO:0033096	2907
GO:0035842	2908
GO:0099535	2909
GO:0033166	2910
GO:0005614	2911
GO:0005604	2912
GO:0033165	2913
GO:0060102	2914
GO:0098965	2915
GO:0098966	2916
GO:0062040	2917
GO:0097311	2918
GO:0060387	2919
GO:0060388	2920
GO:0097515	2921
GO:0043591	2922
GO:0005619	2923
GO:0097514	2924
GO:0009276	2925
GO:0009275	2926
GO:0030445	2927
GO:0030446	2928
GO:0009530	2929
GO:0009531	2930
GO:0044219	2931
GO:0030430	2932
GO:0039643	2933
GO:0044094	2934
GO:0033647	2935
GO:0033655	2936
GO:0039715	2937
GO:0039714	2938
GO:0044175	2939
GO:0044384	2940
GO:0044188	2941
GO:0033645	2942
GO:0044160	2943
GO:0085037	2944
GO:0044167	2945
GO:0085042	2946
GO:0085039	2947
GO:0020002	2948
GO:0044191	2949
GO:0044200	2950
GO:0044162	2951
GO:0044178	2952
GO:0044173	2953
GO:0044386	2954
GO:0044176	2955
GO:0120026	2956
GO:0039679	2957
GO:0098592	2958
GO:0106186	2959
GO:1990780	2960
GO:0098541	2961
GO:0098557	2962
GO:0098556	2963
GO:0098559	2964
GO:0098560	2965
GO:0098540	2966
GO:0098551	2967
GO:0098550	2968
GO:0098558	2969
GO:0098555	2970
GO:0098860	2971
GO:0097516	2972
GO:0098861	2973
GO:0036419	2974
GO:0036406	2975
GO:0030173	2976
GO:0031303	2977
GO:0097631	2978
GO:0005779	2979
GO:1990701	2980
GO:0031351	2981
GO:1990703	2982
GO:0031166	2983
GO:1990704	2984
GO:0099065	2985
GO:1990702	2986
GO:0005639	2987
GO:0031309	2988
GO:0030176	2989
GO:0032592	2990
GO:0099066	2991
GO:0030285	2992
GO:0090740	2993
GO:0044214	2994
GO:0099699	2995
GO:0061455	2996
GO:0120101	2997
GO:0098752	2998
GO:0071575	2999
GO:0120001	3000
GO:0031306	3001
GO:0031304	3002
GO:0071628	3003
GO:0031311	3004
GO:0097636	3005
GO:0098949	3006
GO:0098955	3007
GO:0098675	3008
GO:0031354	3009
GO:0031352	3010
GO:0099033	3011
GO:0099032	3012
GO:0099144	3013
GO:0098753	3014
GO:0031362	3015
GO:0031237	3016
GO:0098936	3017
GO:0098889	3018
GO:0000138	3019
GO:0000137	3020
GO:0005797	3021
GO:0009515	3022
GO:0009533	3023
GO:0032541	3024
GO:0150088	3025
GO:0150087	3026
GO:0061176	3027
GO:0061177	3028
GO:0097449	3029
GO:0097456	3030
GO:0097454	3031
GO:0097387	3032
GO:0097455	3033
GO:1990761	3034
GO:0097463	3035
GO:1990812	3036
GO:0097733	3037
GO:0097447	3038
GO:0030425	3039
GO:0060091	3040
GO:1990769	3041
GO:1990906	3042
GO:0120208	3043
GO:0070852	3044
GO:0032420	3045
GO:0030424	3046
GO:0044317	3047
GO:0044309	3048
GO:1902737	3049
GO:0097462	3050
GO:0005902	3051
GO:0030175	3052
GO:0005640	3053
GO:0005637	3054
GO:0033163	3055
GO:0030868	3056
GO:0030867	3057
GO:1903349	3058
GO:0098897	3059
GO:0030660	3060
GO:0030661	3061
GO:0033111	3062
GO:0030658	3063
GO:0031095	3064
GO:0010008	3065
GO:0032578	3066
GO:0030668	3067
GO:0033106	3068
GO:0046859	3069
GO:0030667	3070
GO:0000139	3071
GO:0033102	3072
GO:0033017	3073
GO:0033118	3074
GO:0097488	3075
GO:0030666	3076
GO:0033116	3077
GO:0090741	3078
GO:0060170	3079
GO:0030662	3080
GO:0005774	3081
GO:0031903	3082
GO:0098826	3083
GO:0030659	3084
GO:0031969	3085
GO:0055035	3086
GO:0046862	3087
GO:0034426	3088
GO:0009528	3089
GO:0009527	3090
GO:0033097	3091
GO:0033113	3092
GO:0005743	3093
GO:0005741	3094
GO:0120201	3095
GO:0120202	3096
GO:1990675	3097
GO:1990676	3098
GO:1990674	3099
GO:0070118	3100
GO:0036407	3101
GO:0036195	3102
GO:0070250	3103
GO:0031528	3104
GO:0031526	3105
GO:0070686	3106
GO:0033583	3107
GO:0031260	3108
GO:0031527	3109
GO:0070867	3110
GO:1902929	3111
GO:0090512	3112
GO:0005901	3113
GO:0036062	3114
GO:0042734	3115
GO:0045211	3116
GO:0048787	3117
GO:0099634	3118
GO:0098835	3119
GO:0098844	3120
GO:0098527	3121
GO:0098521	3122
GO:0098523	3123
GO:0098520	3124
GO:0098983	3125
GO:0098684	3126
GO:0098683	3127
GO:0098985	3128
GO:0098522	3129
GO:0098686	3130
GO:0032279	3131
GO:0032280	3132
GO:0098688	3133
GO:0061832	3134
GO:0005916	3135
GO:0070160	3136
GO:0061831	3137
GO:0005921	3138
GO:0046581	3139
GO:0036056	3140
GO:0033010	3141
GO:0009506	3142
GO:0043296	3143
GO:0030057	3144
GO:0005912	3145
GO:0044291	3146
GO:0030056	3147
GO:0005927	3148
GO:0005925	3149
GO:0071958	3150
GO:0071957	3151
GO:0035451	3152
GO:0035450	3153
GO:0036421	3154
GO:0098674	3155
GO:0099007	3156
GO:0098999	3157
GO:0035453	3158
GO:0099616	3159
GO:0097042	3160
GO:0097635	3161
GO:0032419	3162
GO:0098888	3163
GO:0098890	3164
GO:0031236	3165
GO:0060205	3166
GO:0097489	3167
GO:0005788	3168
GO:0031970	3169
GO:0005775	3170
GO:0031907	3171
GO:0005796	3172
GO:0031981	3173
GO:0034492	3174
GO:0110145	3175
GO:0005759	3176
GO:0071682	3177
GO:0031096	3178
GO:0034494	3179
GO:1904813	3180
GO:0033985	3181
GO:0044842	3182
GO:0031904	3183
GO:1904724	3184
GO:0033391	3185
GO:0043186	3186
GO:0140364	3187
GO:0010494	3188
GO:0120279	3189
GO:0140365	3190
GO:1990633	3191
GO:0000932	3192
GO:0071598	3193
GO:0140363	3194
GO:0098646	3195
GO:0099513	3196
GO:0061836	3197
GO:0032982	3198
GO:0098647	3199
GO:0061800	3200
GO:0071953	3201
GO:0001527	3202
GO:0098652	3203
GO:1903754	3204
GO:0098578	3205
GO:0005722	3206
GO:0005723	3207
GO:1990196	3208
GO:0008328	3209
GO:0034707	3210
GO:0034703	3211
GO:1990197	3212
GO:0090533	3213
GO:0071756	3214
GO:0071757	3215
GO:0071748	3216
GO:0071749	3217
GO:0036030	3218
GO:0097181	3219
GO:0097182	3220
GO:0036027	3221
GO:0036028	3222
GO:0097183	3223
GO:0036029	3224
GO:0036024	3225
GO:0036026	3226
GO:0036025	3227
GO:1990159	3228
GO:1990160	3229
GO:1990157	3230
GO:1990158	3231
GO:0042105	3232
GO:0042106	3233
GO:1904602	3234
GO:0038037	3235
GO:1903439	3236
GO:0036157	3237
GO:0036156	3238
GO:1990657	3239
GO:0045243	3240
GO:0045241	3241
GO:0045250	3242
GO:0010240	3243
GO:0045247	3244
GO:0045257	3245
GO:0106392	3246
GO:0070578	3247
GO:0120330	3248
GO:1903095	3249
GO:0140638	3250
GO:0106391	3251
GO:0019813	3252
GO:0032068	3253
GO:0019812	3254
GO:0009359	3255
GO:0048476	3256
GO:0000177	3257
GO:0031009	3258
GO:0016580	3259
GO:0033698	3260
GO:0032221	3261
GO:0045249	3262
GO:0030289	3263
GO:0017023	3264
GO:1990567	3265
GO:0000159	3266
GO:0072357	3267
GO:0000164	3268
GO:1990455	3269
GO:0002189	3270
GO:0002185	3271
GO:0043540	3272
GO:0070622	3273
GO:0009358	3274
GO:0005945	3275
GO:1902503	3276
GO:0061694	3277
GO:1902911	3278
GO:1902912	3279
GO:0032283	3280
GO:0030915	3281
GO:0044568	3282
GO:0044567	3283
GO:1902507	3284
GO:1990140	3285
GO:0032477	3286
GO:0043527	3287
GO:0043853	3288
GO:0140020	3289
GO:0034709	3290
GO:0035657	3291
GO:0044680	3292
GO:0009353	3293
GO:0045248	3294
GO:1990235	3295
GO:0002179	3296
GO:1905961	3297
GO:1905370	3298
GO:0008303	3299
GO:1990520	3300
GO:0009361	3301
GO:0005682	3302
GO:0071003	3303
GO:0005686	3304
GO:0005688	3305
GO:0071024	3306
GO:0034693	3307
GO:0005693	3308
GO:0005687	3309
GO:0071002	3310
GO:0071001	3311
GO:0005690	3312
GO:0005685	3313
GO:0097526	3314
GO:0005692	3315
GO:0005691	3316
GO:0071339	3317
GO:0071004	3318
GO:0071015	3319
GO:0071021	3320
GO:0071022	3321
GO:0071019	3322
GO:0071016	3323
GO:0071005	3324
GO:0071008	3325
GO:0000243	3326
GO:0016590	3327
GO:0031213	3328
GO:0090537	3329
GO:0008623	3330
GO:0090535	3331
GO:0016589	3332
GO:0090536	3333
GO:0016587	3334
GO:0031011	3335
GO:0070692	3336
GO:0070691	3337
GO:0000440	3338
GO:0000438	3339
GO:0070556	3340
GO:0008232	3341
GO:0008231	3342
GO:1990243	3343
GO:0106084	3344
GO:0034993	3345
GO:1990331	3346
GO:0036409	3347
GO:0070776	3348
GO:0033100	3349
GO:0046695	3350
GO:0140671	3351
GO:0140672	3352
GO:0044545	3353
GO:0072487	3354
GO:0043189	3355
GO:1990454	3356
GO:0008087	3357
GO:0036128	3358
GO:0098855	3359
GO:0071196	3360
GO:0071194	3361
GO:0071193	3362
GO:0071192	3363
GO:0071199	3364
GO:0071200	3365
GO:0071197	3366
GO:0071202	3367
GO:1902937	3368
GO:0071195	3369
GO:0071198	3370
GO:0071201	3371
GO:0042613	3372
GO:0042612	3373
GO:0032398	3374
GO:0071185	3375
GO:0071187	3376
GO:0071186	3377
GO:0071189	3378
GO:0071188	3379
GO:0071190	3380
GO:0071184	3381
GO:0071191	3382
GO:0033000	3383
GO:0032998	3384
GO:0033001	3385
GO:0032999	3386
GO:0045258	3387
GO:0055052	3388
GO:0055051	3389
GO:1902517	3390
GO:1990222	3391
GO:0035796	3392
GO:1990060	3393
GO:1990191	3394
GO:1990199	3395
GO:1990193	3396
GO:1990154	3397
GO:0031265	3398
GO:0031266	3399
GO:0000220	3400
GO:0000839	3401
GO:0000838	3402
GO:1902501	3403
GO:0000221	3404
GO:0140595	3405
GO:0001401	3406
GO:0140596	3407
GO:0005944	3408
GO:0005943	3409
GO:0034272	3410
GO:0070772	3411
GO:0034271	3412
GO:0030125	3413
GO:0030126	3414
GO:0030127	3415
GO:0030121	3416
GO:0016471	3417
GO:0009376	3418
GO:1990220	3419
GO:0031417	3420
GO:0031415	3421
GO:0031416	3422
GO:0000345	3423
GO:0000427	3424
GO:0031381	3425
GO:0030891	3426
GO:0043223	3427
GO:0031467	3428
GO:0035361	3429
GO:0031466	3430
GO:0031463	3431
GO:0031462	3432
GO:0080008	3433
GO:0019005	3434
GO:0030083	3435
GO:0030084	3436
GO:0034733	3437
GO:0034732	3438
GO:0035339	3439
GO:0034385	3440
GO:0034364	3441
GO:0034362	3442
GO:0042627	3443
GO:0022627	3444
GO:0000314	3445
GO:0000315	3446
GO:0022625	3447
GO:0030679	3448
GO:0031471	3449
GO:0031470	3450
GO:0031472	3451
GO:0099165	3452
GO:0099092	3453
GO:0000803	3454
GO:0009508	3455
GO:0000228	3456
GO:0005700	3457
GO:0030849	3458
GO:0000793	3459
GO:0000262	3460
GO:0012511	3461
GO:0005633	3462
GO:0030016	3463
GO:0030485	3464
GO:0072686	3465
GO:0072687	3466
GO:0045111	3467
GO:0015630	3468
GO:0032156	3469
GO:0099569	3470
GO:0099571	3471
GO:0015629	3472
GO:0030863	3473
GO:0033011	3474
GO:0014731	3475
GO:0000313	3476
GO:0042788	3477
GO:0022626	3478
GO:0005701	3479
GO:0010370	3480
GO:0016008	3481
GO:0016006	3482
GO:0016009	3483
GO:0009501	3484
GO:0062116	3485
GO:0009507	3486
GO:0009842	3487
GO:0009516	3488
GO:0034400	3489
GO:0020011	3490
GO:0009513	3491
GO:0009509	3492
GO:0009537	3493
GO:0005790	3494
GO:0005791	3495
GO:0009511	3496
GO:0016529	3497
GO:1990007	3498
GO:0000323	3499
GO:0000331	3500
GO:0000322	3501
GO:0000325	3502
GO:0032195	3503
GO:0005776	3504
GO:0031410	3505
GO:0046816	3506
GO:0005777	3507
GO:0140266	3508
GO:0150051	3509
GO:0097571	3510
GO:0031039	3511
GO:0048556	3512
GO:0097572	3513
GO:0048353	3514
GO:0045120	3515
GO:0043076	3516
GO:0043073	3517
GO:0031040	3518
GO:0048555	3519
GO:1905754	3520
GO:0071914	3521
GO:0061701	3522
GO:0160014	3523
GO:0097691	3524
GO:1990742	3525
GO:0070062	3526
GO:0097189	3527
GO:0097732	3528
GO:0097731	3529
GO:0097729	3530
GO:0097728	3531
GO:0032839	3532
GO:1904115	3533
GO:0106037	3534
GO:1902716	3535
GO:0140472	3536
GO:0072534	3537
GO:0019034	3538
GO:0044196	3539
GO:0044203	3540
GO:0075341	3541
GO:0044095	3542
GO:0072495	3543
GO:0044199	3544
GO:0044204	3545
GO:0033648	3546
GO:0044163	3547
GO:0044383	3548
GO:0020036	3549
GO:0043658	3550
GO:0044164	3551
GO:0072492	3552
GO:0044177	3553
GO:0033651	3554
GO:0044220	3555
GO:0020030	3556
GO:0044186	3557
GO:0044166	3558
GO:0072493	3559
GO:0044187	3560
GO:0044172	3561
GO:0044190	3562
GO:0033650	3563
GO:0062244	3564
GO:0044159	3565
GO:0044174	3566
GO:0120149	3567
GO:0044161	3568
GO:0044165	3569
GO:0046809	3570
GO:0039721	3571
GO:0039720	3572
GO:0039716	3573
GO:0039718	3574
GO:0039717	3575
GO:0072517	3576
GO:0039719	3577
GO:0044185	3578
GO:0039661	3579
GO:0039662	3580
GO:0033654	3581
GO:0044169	3582
GO:0044171	3583
GO:0044192	3584
GO:0044193	3585
GO:0044202	3586
GO:0044201	3587
GO:0062242	3588
GO:0098585	3589
GO:0097348	3590
GO:0099067	3591
GO:0099064	3592
GO:0031353	3593
GO:0031355	3594
GO:1905103	3595
GO:0097637	3596
GO:0071627	3597
GO:0031165	3598
GO:0071556	3599
GO:0071458	3600
GO:0031305	3601
GO:0031307	3602
GO:0099056	3603
GO:0099055	3604
GO:1990914	3605
GO:0098950	3606
GO:0098951	3607
GO:0031358	3608
GO:0031356	3609
GO:0099026	3610
GO:0099025	3611
GO:0098948	3612
GO:0098947	3613
GO:0098946	3614
GO:0098945	3615
GO:0097450	3616
GO:0150002	3617
GO:0097442	3618
GO:1990635	3619
GO:0150001	3620
GO:0097440	3621
GO:0044307	3622
GO:0097441	3623
GO:0071683	3624
GO:0120209	3625
GO:0120210	3626
GO:0044300	3627
GO:0044299	3628
GO:0044301	3629
GO:0044302	3630
GO:0042757	3631
GO:1990032	3632
GO:0044308	3633
GO:0097465	3634
GO:0035996	3635
GO:0030663	3636
GO:0012510	3637
GO:0060203	3638
GO:0099501	3639
GO:0012509	3640
GO:0060201	3641
GO:0012508	3642
GO:0012507	3643
GO:0070083	3644
GO:0036020	3645
GO:0031901	3646
GO:0031902	3647
GO:0098954	3648
GO:0055038	3649
GO:0098895	3650
GO:0035577	3651
GO:0032127	3652
GO:0031092	3653
GO:0042584	3654
GO:0070821	3655
GO:0002080	3656
GO:0035579	3657
GO:0101003	3658
GO:0097232	3659
GO:0031088	3660
GO:0042589	3661
GO:0014702	3662
GO:0014701	3663
GO:0043661	3664
GO:0030669	3665
GO:0030670	3666
GO:0033162	3667
GO:0042622	3668
GO:0020018	3669
GO:0098804	3670
GO:0030665	3671
GO:0009705	3672
GO:0098852	3673
GO:0000421	3674
GO:0031164	3675
GO:0005778	3676
GO:0002079	3677
GO:0044841	3678
GO:0106175	3679
GO:0033110	3680
GO:0002081	3681
GO:0070112	3682
GO:0009706	3683
GO:0009707	3684
GO:0033115	3685
GO:0009535	3686
GO:0042650	3687
GO:0031900	3688
GO:0031899	3689
GO:0036012	3690
GO:0033098	3691
GO:0036013	3692
GO:0035997	3693
GO:0098839	3694
GO:0099164	3695
GO:0098524	3696
GO:0098526	3697
GO:0098525	3698
GO:0150053	3699
GO:0150048	3700
GO:0106033	3701
GO:0097471	3702
GO:0061689	3703
GO:0005918	3704
GO:0005923	3705
GO:0005917	3706
GO:0036057	3707
GO:0009550	3708
GO:0009551	3709
GO:0005914	3710
GO:0005915	3711
GO:0014704	3712
GO:0044286	3713
GO:0035454	3714
GO:0098998	3715
GO:0099005	3716
GO:0098894	3717
GO:0098891	3718
GO:0098892	3719
GO:0098893	3720
GO:0106174	3721
GO:0034467	3722
GO:0034422	3723
GO:0106172	3724
GO:0106173	3725
GO:1904856	3726
GO:0061201	3727
GO:0070931	3728
GO:0060202	3729
GO:0034774	3730
GO:0060204	3731
GO:0098899	3732
GO:0098566	3733
GO:0034592	3734
GO:0034493	3735
GO:0070082	3736
GO:0048237	3737
GO:0099020	3738
GO:0099021	3739
GO:0048238	3740
GO:0033018	3741
GO:0005758	3742
GO:0009529	3743
GO:0005641	3744
GO:0034423	3745
GO:0000330	3746
GO:0035578	3747
GO:0000328	3748
GO:0120282	3749
GO:0043202	3750
GO:0005782	3751
GO:0034469	3752
GO:0098564	3753
GO:0106176	3754
GO:0097013	3755
GO:0031905	3756
GO:0036021	3757
GO:0031906	3758
GO:0034777	3759
GO:0071546	3760
GO:0071547	3761
GO:0001520	3762
GO:0005884	3763
GO:0005882	3764
GO:0005874	3765
GO:0097513	3766
GO:0017146	3767
GO:0032983	3768
GO:0032281	3769
GO:0034705	3770
GO:0017071	3771
GO:0034706	3772
GO:0110067	3773
GO:0034704	3774
GO:0090534	3775
GO:0031004	3776
GO:0071751	3777
GO:0071750	3778
GO:0038039	3779
GO:0038038	3780
GO:1903143	3781
GO:1903440	3782
GO:1990406	3783
GO:1990061	3784
GO:0030933	3785
GO:0030932	3786
GO:0002186	3787
GO:0009336	3788
GO:1990133	3789
GO:0097076	3790
GO:1902554	3791
GO:0009365	3792
GO:0110115	3793
GO:1990360	3794
GO:0099125	3795
GO:1990361	3796
GO:0043528	3797
GO:0031515	3798
GO:0106143	3799
GO:0110158	3800
GO:0071009	3801
GO:0046540	3802
GO:0036436	3803
GO:0036437	3804
GO:1990612	3805
GO:0036410	3806
GO:1990468	3807
GO:1990467	3808
GO:0035267	3809
GO:1990566	3810
GO:1990374	3811
GO:0046610	3812
GO:0046612	3813
GO:0030128	3814
GO:0030129	3815
GO:0030130	3816
GO:0046611	3817
GO:0000344	3818
GO:0000343	3819
GO:0031465	3820
GO:0031464	3821
GO:0097668	3822
GO:0097674	3823
GO:0097665	3824
GO:0097664	3825
GO:0097661	3826
GO:0097660	3827
GO:0097670	3828
GO:0097667	3829
GO:0097666	3830
GO:0097669	3831
GO:0097673	3832
GO:0097672	3833
GO:0097671	3834
GO:0097662	3835
GO:0097663	3836
GO:0097675	3837
GO:0034363	3838
GO:0034361	3839
GO:0034366	3840
GO:0034365	3841
GO:0034360	3842
GO:0034359	3843
GO:0000312	3844
GO:0000311	3845
GO:0000806	3846
GO:0000804	3847
GO:0000805	3848
GO:0001741	3849
GO:0098579	3850
GO:0000807	3851
GO:0098577	3852
GO:0042648	3853
GO:0001740	3854
GO:0000794	3855
GO:0097512	3856
GO:0098723	3857
GO:0099160	3858
GO:0099182	3859
GO:0060053	3860
GO:0032173	3861
GO:0005940	3862
GO:0150050	3863
GO:0032159	3864
GO:0032160	3865
GO:0032176	3866
GO:0048788	3867
GO:0099143	3868
GO:0098871	3869
GO:0099189	3870
GO:0098836	3871
GO:0030864	3872
GO:0030981	3873
GO:0009547	3874
GO:0005761	3875
GO:0031986	3876
GO:0009545	3877
GO:0010282	3878
GO:0000324	3879
GO:0005764	3880
GO:0106123	3881
GO:0000327	3882
GO:0000326	3883
GO:0042807	3884
GO:0044753	3885
GO:0044754	3886
GO:0005798	3887
GO:0099503	3888
GO:0097547	3889
GO:0097721	3890
GO:0033095	3891
GO:0005768	3892
GO:1990006	3893
GO:0048770	3894
GO:0043702	3895
GO:0033675	3896
GO:0045009	3897
GO:0044310	3898
GO:0030135	3899
GO:0062247	3900
GO:0033117	3901
GO:0044840	3902
GO:0099073	3903
GO:1990005	3904
GO:0030139	3905
GO:0033107	3906
GO:0030133	3907
GO:0120002	3908
GO:0097487	3909
GO:0097598	3910
GO:0020026	3911
GO:0019820	3912
GO:0019819	3913
GO:0019821	3914
GO:0019823	3915
GO:0019822	3916
GO:0042580	3917
GO:0020015	3918
GO:0019824	3919
GO:0009514	3920
GO:0001940	3921
GO:0001939	3922
GO:0043082	3923
GO:0043079	3924
GO:0043078	3925
GO:0001674	3926
GO:0001673	3927
GO:0098875	3928
GO:0036126	3929
GO:0097558	3930
GO:0097561	3931
GO:0097555	3932
GO:0097554	3933
GO:0097557	3934
GO:0097608	3935
GO:0097559	3936
GO:0097556	3937
GO:0097560	3938
GO:0097609	3939
GO:0061846	3940
GO:0042025	3941
GO:0120148	3942
GO:0043663	3943
GO:0033652	3944
GO:0044184	3945
GO:0098584	3946
GO:0044170	3947
GO:0044168	3948
GO:0062245	3949
GO:0062243	3950
GO:0099062	3951
GO:0099063	3952
GO:0031357	3953
GO:0031359	3954
GO:0099057	3955
GO:0099059	3956
GO:0099060	3957
GO:0099058	3958
GO:0099027	3959
GO:0099029	3960
GO:0099028	3961
GO:0099030	3962
GO:0099166	3963
GO:0099146	3964
GO:0097451	3965
GO:0150014	3966
GO:0150016	3967
GO:0150015	3968
GO:0150017	3969
GO:0097457	3970
GO:0030672	3971
GO:0098896	3972
GO:0032585	3973
GO:0098944	3974
GO:0099012	3975
GO:0097233	3976
GO:0097234	3977
GO:0070114	3978
GO:0030671	3979
GO:0036186	3980
GO:0061474	3981
GO:0061202	3982
GO:0032586	3983
GO:0005765	3984
GO:0000329	3985
GO:0120281	3986
GO:1904930	3987
GO:0046861	3988
GO:0046860	3989
GO:0070113	3990
GO:0005919	3991
GO:0005920	3992
GO:0044647	3993
GO:0044288	3994
GO:0099168	3995
GO:0099147	3996
GO:0031093	3997
GO:0034466	3998
GO:0031089	3999
GO:0098898	4000
GO:0035580	4001
GO:0043160	4002
GO:0062246	4003
GO:0014804	4004
GO:0014803	4005
GO:0031973	4006
GO:0036014	4007
GO:0031972	4008
GO:0034495	4009
GO:0031908	4010
GO:0034468	4011
GO:0062113	4012
GO:0097486	4013
GO:1903145	4014
GO:1903144	4015
GO:0005638	4016
GO:0097426	4017
GO:0005883	4018
GO:0045095	4019
GO:0045098	4020
GO:0033289	4021
GO:1905759	4022
GO:0020025	4023
GO:1901588	4024
GO:0005881	4025
GO:0005880	4026
GO:0005876	4027
GO:0062157	4028
GO:0071752	4029
GO:0150056	4030
GO:0150058	4031
GO:0150057	4032
GO:0016533	4033
GO:0120157	4034
GO:1990316	4035
GO:0000307	4036
GO:1990722	4037
GO:0005964	4038
GO:0008385	4039
GO:1990317	4040
GO:0032777	4041
GO:0022629	4042
GO:0022628	4043
GO:0062140	4044
GO:0032168	4045
GO:0032172	4046
GO:0032170	4047
GO:0032175	4048
GO:0032164	4049
GO:0032171	4050
GO:0032165	4051
GO:0032166	4052
GO:0098980	4053
GO:0098938	4054
GO:1990357	4055
GO:0043253	4056
GO:0043246	4057
GO:0005767	4058
GO:0005766	4059
GO:0044194	4060
GO:0042629	4061
GO:0036019	4062
GO:0030140	4063
GO:0030137	4064
GO:0030141	4065
GO:0070382	4066
GO:0055037	4067
GO:0005770	4068
GO:0098845	4069
GO:0098830	4070
GO:0097443	4071
GO:0044352	4072
GO:0005769	4073
GO:0042470	4074
GO:0043701	4075
GO:0043699	4076
GO:0043700	4077
GO:0043698	4078
GO:0030136	4079
GO:0030134	4080
GO:1990008	4081
GO:0045335	4082
GO:0043659	4083
GO:0045334	4084
GO:0070081	4085
GO:0030143	4086
GO:0060200	4087
GO:0030142	4088
GO:1990257	4089
GO:0060199	4090
GO:0042585	4091
GO:0033653	4092
GO:0072494	4093
GO:0099061	4094
GO:0099167	4095
GO:0099031	4096
GO:0099169	4097
GO:0101004	4098
GO:0099013	4099
GO:0005879	4100
GO:0000235	4101
GO:0055028	4102
GO:1990498	4103
GO:0005827	4104
GO:0005828	4105
GO:0097130	4106
GO:0002945	4107
GO:0097133	4108
GO:0097127	4109
GO:0097131	4110
GO:0000308	4111
GO:0097126	4112
GO:0002944	4113
GO:0097128	4114
GO:0097124	4115
GO:0097135	4116
GO:0097123	4117
GO:0097132	4118
GO:0097121	4119
GO:1990860	4120
GO:0097129	4121
GO:0097122	4122
GO:0097125	4123
GO:0097134	4124
GO:0031387	4125
GO:0033255	4126
GO:0098986	4127
GO:0032010	4128
GO:0042582	4129
GO:0101002	4130
GO:0060473	4131
GO:0042599	4132
GO:0042583	4133
GO:0032593	4134
GO:0098594	4135
GO:0031091	4136
GO:0042827	4137
GO:0042581	4138
GO:0070820	4139
GO:0036000	4140
GO:0031045	4141
GO:0001669	4142
GO:0042588	4143
GO:0033093	4144
GO:0008021	4145
GO:0070381	4146
GO:0070319	4147
GO:0098832	4148
GO:0090654	4149
GO:0090653	4150
GO:0098837	4151
GO:0005771	4152
GO:0098842	4153
GO:0044353	4154
GO:0044354	4155
GO:0060198	4156
GO:1990457	4157
GO:0032009	4158
GO:0045336	4159
GO:0043660	4160
GO:1990720	4161
GO:0097650	4162
GO:0097649	4163
GO:1990719	4164
GO:1990574	4165
GO:0061673	4166
GO:0010005	4167
GO:1990941	4168
GO:1990537	4169
GO:0020020	4170
GO:0097208	4171
GO:1990503	4172
GO:0097209	4173
GO:0098992	4174
GO:1990474	4175
GO:1990475	4176
GO:1990476	4177
GO:0061200	4178
GO:0070111	4179
