Leaf	Index	Depth
GO:0120043	4	2
GO:0061826	5	2
GO:0097228	9	2
GO:0140512	11	2
GO:0009546	13	2
GO:0009542	14	2
GO:0009427	15	2
GO:0042718	16	2
GO:0030694	17	2
GO:0020008	18	2
GO:0097433	19	2
GO:0110071	20	2
GO:1990037	21	2
GO:0044290	22	2
GO:0097592	23	2
GO:0070971	24	2
GO:0043673	25	2
GO:0032179	26	2
GO:1990047	27	2
GO:0044326	28	2
GO:1990225	29	2
GO:0020039	31	2
GO:0001917	32	2
GO:0097544	33	2
GO:1990716	34	2
GO:0043196	35	2
GO:0070115	36	2
GO:0044224	37	2
GO:0001652	38	2
GO:0009548	39	2
GO:0000801	40	2
GO:0090405	41	2
GO:0032426	42	2
GO:0106125	43	2
GO:0031910	44	2
GO:1990783	45	2
GO:0085036	46	2
GO:0120105	47	2
GO:1990295	48	2
GO:0120083	49	2
GO:0009425	50	2
GO:1990875	51	2
GO:0098843	52	2
GO:0043198	54	2
GO:0090688	55	2
GO:0032153	56	2
GO:0061822	57	2
GO:0010319	58	2
GO:0043592	59	2
GO:0090641	60	2
GO:0090637	62	2
GO:0140022	63	2
GO:0110092	67	2
GO:0060110	68	2
GO:0090724	70	2
GO:0097356	71	2
GO:0009549	73	2
GO:0150004	74	2
GO:0090692	77	2
GO:0060107	78	2
GO:0061825	79	2
GO:0097204	81	2
GO:0043209	83	2
GO:0009986	84	2
GO:0061827	85	2
GO:0005726	86	2
GO:0031592	87	2
GO:0031672	88	2
GO:0032579	89	2
GO:0097478	90	2
GO:0036117	91	2
GO:0043678	92	2
GO:0048223	93	2
GO:1990030	94	2
GO:0009510	95	2
GO:0009424	96	2
GO:0009431	98	2
GO:0033012	99	2
GO:1990836	100	2
GO:0005630	102	2
GO:0097227	103	2
GO:0001772	104	2
GO:1990819	105	2
GO:0044327	106	2
GO:0032126	108	2
GO:0062074	109	2
GO:0020031	110	2
GO:0097546	111	2
GO:0035182	113	2
GO:0071944	114	2
GO:0060106	115	2
GO:0140599	116	2
GO:0009541	117	2
GO:0001400	119	2
GO:0009429	121	2
GO:0044304	122	2
GO:0097564	123	2
GO:0033774	124	2
GO:0012505	125	2
GO:0016328	127	2
GO:0097225	128	2
GO:0097653	129	2
GO:0120134	130	2
GO:0097614	131	2
GO:0005702	132	2
GO:0120107	133	2
GO:0020038	134	2
GO:0043219	135	2
GO:0033268	136	2
GO:1990826	137	2
GO:0097545	140	2
GO:0097563	141	2
GO:0120098	142	2
GO:0020007	143	2
GO:0120135	144	2
GO:0043670	145	2
GO:0097268	146	2
GO:0090552	147	2
GO:1990073	148	2
GO:0097540	149	2
GO:0120219	150	2
GO:0009428	151	2
GO:0090725	152	2
GO:0070057	154	2
GO:0090553	155	2
GO:0110093	156	2
GO:0097569	157	2
GO:1990876	160	2
GO:0009418	161	2
GO:0072324	162	2
GO:0000943	163	2
GO:0005706	165	2
GO:0120100	166	2
GO:0099079	167	2
GO:0000802	168	2
GO:0031430	170	2
GO:0031674	171	2
GO:0009504	174	2
GO:0061823	175	2
GO:0045178	176	2
GO:0097197	178	2
GO:0034399	179	2
GO:0120104	180	2
GO:0071597	181	2
GO:0097566	182	2
GO:0042587	183	2
GO:1990014	184	2
GO:0097038	185	2
GO:1990916	186	2
GO:0090652	187	2
GO:0034992	188	2
GO:0043220	189	2
GO:0043159	190	2
GO:0014705	191	2
GO:0005652	192	2
GO:1990031	193	2
GO:0005933	194	2
GO:0046691	195	2
GO:0070825	197	2
GO:0044195	198	2
GO:0036224	200	2
GO:0043675	201	2
GO:0090635	202	2
GO:0120102	203	2
GO:0097565	204	2
GO:0097594	205	2
GO:0120212	206	2
GO:0090726	209	2
GO:0061835	210	2
GO:0060417	211	2
GO:0097591	213	2
GO:0032123	214	2
GO:0043204	215	2
GO:0030061	216	2
GO:0097595	217	2
GO:0120205	219	2
GO:0046868	220	2
GO:0036063	221	2
GO:0097567	222	2
GO:0070687	223	2
GO:0033269	224	2
GO:0010287	225	2
GO:0062201	226	2
GO:0036477	229	2
GO:0060418	230	2
GO:0035686	232	2
GO:0045169	236	2
GO:1990900	238	2
GO:0035748	239	2
GO:0005632	240	2
GO:0106126	241	2
GO:0033150	242	2
GO:1990805	243	2
GO:0000800	244	2
GO:0097422	246	2
GO:0005712	247	2
GO:0044322	248	2
GO:0009525	249	2
GO:0097445	250	2
GO:0032433	251	2
GO:0043671	257	2
GO:0097226	258	2
GO:0097217	259	2
GO:0060105	260	2
GO:0016363	261	2
GO:1990794	262	2
GO:0048226	263	2
GO:0097313	264	2
GO:0030496	265	2
GO:0036007	267	2
GO:0120120	268	2
GO:0031912	269	2
GO:0120121	270	2
GO:0043662	271	2
GO:0009426	272	2
GO:0061834	273	2
GO:0014801	274	2
GO:0150034	275	2
GO:0120044	276	2
GO:0044099	277	2
GO:0097224	278	2
GO:0020016	279	2
GO:0090689	281	2
GO:0030315	282	2
GO:0032437	283	2
GO:0060108	284	2
GO:0097047	285	2
GO:0031673	286	2
GO:0009433	287	2
GO:0000407	288	2
GO:0043669	289	2
GO:0090636	290	2
GO:0097203	291	2
GO:0097735	292	2
GO:0140510	293	2
GO:0048786	294	2
GO:0090658	295	2
GO:0005621	297	2
GO:0120206	298	2
GO:0097002	299	2
GO:0043034	300	2
GO:0035843	301	2
GO:1990717	304	2
GO:0060104	306	2
GO:0034451	307	2
GO:0043593	308	2
GO:0043595	312	2
GO:0106124	313	2
GO:1990013	314	2
GO:0120220	315	2
GO:0055044	316	2
GO:0062160	318	2
GO:0071341	319	2
GO:0005615	321	2
GO:0033172	323	2
GO:0048224	324	2
GO:0020010	325	2
GO:0030017	326	2
GO:0032584	327	2
GO:0097542	330	2
GO:0070865	331	2
GO:0031911	333	2
GO:0120307	334	2
GO:0120280	335	2
GO:0033270	337	2
GO:0070258	338	2
GO:0009574	339	2
GO:0020032	340	2
GO:0060111	341	2
GO:0032178	342	2
GO:0036457	343	2
GO:0097562	345	2
GO:0035749	347	2
GO:0046818	348	2
GO:0009930	349	2
GO:0097423	350	2
GO:0097596	351	2
GO:0097541	352	2
GO:0030875	354	2
GO:0043194	357	2
GO:0043674	358	2
GO:0030018	359	2
GO:0097543	360	2
GO:1990016	361	2
GO:0000242	363	2
GO:0098833	364	2
GO:0009419	365	2
GO:0097229	366	2
GO:0097448	367	2
GO:0140511	368	2
GO:0070645	369	2
GO:0097593	370	2
GO:0033101	371	2
GO:0001651	372	2
GO:0035253	373	2
GO:0048217	374	2
GO:0043676	375	2
GO:0009524	376	2
GO:0055120	377	2
GO:0001650	378	2
GO:0090543	379	2
GO:0001891	380	2
GO:0090651	381	2
GO:0005930	382	2
GO:0043188	383	2
GO:0090642	384	2
GO:0120106	385	2
GO:0071808	386	2
GO:0045177	387	2
GO:0005654	389	2
GO:0043680	390	2
GO:1990718	391	2
GO:0031254	394	2
GO:0043218	395	2
GO:0097613	397	2
GO:1990018	398	2
GO:0043668	399	2
GO:0019037	401	2
GO:0009421	402	2
GO:0048225	403	2
GO:0061830	404	2
GO:0002177	405	2
GO:0005631	406	2
GO:0120260	407	2
GO:0060109	408	2
GO:0048222	409	2
GO:0097568	410	2
GO:0043672	411	2
GO:0043265	412	2
GO:0044280	413	2
GO:0009420	414	2
GO:1990038	415	2
GO:0120321	417	2
GO:0035183	419	2
GO:0061908	421	2
GO:0043203	422	2
GO:0030478	423	2
GO:0009422	424	2
GO:0030486	425	2
GO:0043245	429	2
GO:0097537	430	2
GO:1990957	432	2
GO:0016272	433	2
GO:1990706	435	2
GO:0036501	436	2
GO:1990666	437	2
GO:0034464	438	2
GO:0062073	439	2
GO:1990660	440	2
GO:0000417	441	2
GO:0098561	442	2
GO:0032311	443	2
GO:0036286	445	2
GO:0044697	446	2
GO:0039658	449	2
GO:1990315	450	2
GO:0002199	451	2
GO:0043293	452	2
GO:0005885	453	2
GO:0030991	454	2
GO:0045298	455	2
GO:0071203	458	2
GO:0106093	459	2
GO:0005616	461	2
GO:0030082	462	2
GO:1990909	463	2
GO:0098820	464	2
GO:0046798	465	2
GO:0002133	467	2
GO:0120228	469	2
GO:1990125	471	2
GO:0097710	472	2
GO:0061927	473	2
GO:0062048	474	2
GO:0030990	475	2
GO:0034749	477	2
GO:0031941	478	2
GO:1990730	479	2
GO:1990527	480	2
GO:0034973	482	2
GO:1990200	483	2
GO:0097196	484	2
GO:0034750	486	2
GO:1990346	487	2
GO:0002167	488	2
GO:1990062	489	2
GO:1990661	490	2
GO:1990499	494	2
GO:0061574	495	2
GO:1990298	497	2
GO:1990871	499	2
GO:0005862	500	2
GO:0031262	501	2
GO:0016281	502	2
GO:0097058	503	2
GO:0120124	504	2
GO:0034044	505	2
GO:1990341	506	2
GO:0043493	507	2
GO:0062049	508	2
GO:0005577	510	2
GO:1990423	511	2
GO:0090443	512	2
GO:0031680	514	2
GO:0005831	517	2
GO:0002929	518	2
GO:0097078	519	2
GO:0110157	520	2
GO:0097255	522	2
GO:0019035	523	2
GO:0110142	524	2
GO:0034996	525	2
GO:0070744	526	2
GO:1990696	527	2
GO:0071563	528	2
GO:1990112	529	2
GO:0005853	530	2
GO:1990665	532	2
GO:0031209	535	2
GO:0070743	537	2
GO:1990745	539	2
GO:0106002	541	2
GO:0043291	543	2
GO:0097057	545	2
GO:0001535	546	2
GO:0033551	547	2
GO:0106003	549	2
GO:0035658	550	2
GO:0035693	551	2
GO:0097059	552	2
GO:0002142	553	2
GO:0034270	554	2
GO:0022624	556	2
GO:0035649	557	2
GO:0008537	558	2
GO:0043850	560	2
GO:1990861	561	2
GO:0097344	562	2
GO:0038045	563	2
GO:0036375	565	2
GO:0031251	567	2
GO:0046806	568	2
GO:1990964	569	2
GO:0043684	570	2
GO:0070695	571	2
GO:0030081	572	2
GO:0033193	574	2
GO:0044777	577	2
GO:1990528	578	2
GO:0022623	579	2
GO:0110131	580	2
GO:1990788	582	2
GO:0120171	584	2
GO:0070864	585	2
GO:1990393	587	2
GO:0044816	589	2
GO:0001534	592	2
GO:1990100	593	2
GO:0140224	594	2
GO:1905742	595	2
GO:0055087	596	2
GO:0099126	598	2
GO:0061703	599	2
GO:0070826	600	2
GO:0070745	601	2
GO:0140007	602	2
GO:1990615	604	2
GO:0061957	605	2
GO:0019036	608	2
GO:0033596	609	2
GO:0106249	610	2
GO:1990526	611	2
GO:0000408	613	2
GO:0002096	615	2
GO:0098046	616	2
GO:0031389	618	2
GO:0097452	619	2
GO:0017102	621	2
GO:0036038	622	2
GO:0120099	623	2
GO:1990682	624	2
GO:0031511	625	2
GO:0033104	626	2
GO:0034748	628	2
GO:0097347	629	2
GO:0031838	630	2
GO:0005931	631	2
GO:0097495	635	2
GO:1990811	636	2
GO:0140451	637	2
GO:1990597	638	2
GO:0070422	639	2
GO:0062167	640	2
GO:1990667	641	2
GO:0001536	642	2
GO:0061700	643	2
GO:0005602	644	2
GO:0110078	645	2
GO:0031521	647	2
GO:0036398	648	2
GO:0030257	649	2
GO:1990130	650	2
GO:0005854	651	2
GO:0071817	653	2
GO:1990463	654	2
GO:0097619	655	2
GO:0120216	656	2
GO:0005851	658	2
GO:0062092	659	2
GO:1990727	660	2
GO:0030314	662	2
GO:1990509	663	2
GO:0035859	664	2
GO:1990630	666	2
GO:1990923	667	2
GO:0015627	669	2
GO:0005833	670	2
GO:0032766	671	2
GO:0000940	672	2
GO:0031395	673	2
GO:0030080	674	2
GO:0038059	675	2
GO:0097373	676	2
GO:0120155	677	2
GO:0043514	678	2
GO:1990252	679	2
GO:1990728	680	2
GO:0000939	682	2
GO:0005850	683	2
GO:0070441	684	2
GO:0018444	685	2
GO:1990065	686	2
GO:0030993	687	2
GO:0000974	689	2
GO:0106333	691	2
GO:0008091	692	2
GO:1990533	693	2
GO:0030256	694	2
GO:0033186	695	2
GO:0030992	696	2
GO:0002193	697	2
GO:0071075	698	2
GO:1990733	700	2
GO:0098030	701	2
GO:0098027	703	2
GO:0098031	705	2
GO:0098026	706	2
GO:0039626	707	2
GO:0055036	708	2
GO:0046729	710	2
GO:0098029	711	2
GO:0019033	712	2
GO:0098023	713	2
GO:0098024	714	2
GO:0098028	715	2
GO:0098025	716	2
GO:0098061	717	2
GO:0019013	718	2
GO:0039625	719	2
GO:0039642	720	2
GO:0039624	721	2
GO:0098015	722	2
GO:1990385	730	3
GO:1990023	731	3
GO:0044100	732	3
GO:0046821	734	3
GO:0070725	735	3
GO:0070090	737	3
GO:0070477	739	3
GO:0097686	740	3
GO:1990723	741	3
GO:1990020	742	3
GO:1990021	743	3
GO:1990901	744	3
GO:1990902	745	3
GO:0044225	746	3
GO:0090712	748	3
GO:0044226	749	3
GO:0005863	750	3
GO:0005865	751	3
GO:0035363	752	3
GO:0015030	753	3
GO:0016605	754	3
GO:0042382	756	3
GO:0010445	757	3
GO:0071920	758	3
GO:0097504	759	3
GO:0035061	760	3
GO:1990251	761	3
GO:0016606	762	3
GO:0071601	763	3
GO:0032587	766	3
GO:0031258	767	3
GO:0097453	768	3
GO:0097219	769	3
GO:0097220	770	3
GO:0097431	771	3
GO:0090619	772	3
GO:0072563	773	3
GO:0031259	774	3
GO:0098595	775	3
GO:0099544	776	3
GO:0043083	777	3
GO:0048046	778	3
GO:0061496	779	3
GO:1990917	782	3
GO:0016528	784	3
GO:0043596	785	3
GO:0043597	786	3
GO:0036391	787	3
GO:0032174	788	3
GO:0000144	789	3
GO:0032177	790	3
GO:0032169	791	3
GO:0062199	792	3
GO:0005704	794	3
GO:0005703	795	3
GO:0005705	797	3
GO:0034507	798	3
GO:0034506	799	3
GO:0031979	801	3
GO:0070117	802	3
GO:0005715	803	3
GO:0005714	804	3
GO:0061498	805	3
GO:0032391	806	3
GO:0061497	807	3
GO:0030313	808	3
GO:0002140	810	3
GO:0002141	811	3
GO:0005935	814	3
GO:0043332	815	3
GO:0001411	816	3
GO:0005934	817	3
GO:0043667	818	3
GO:0030115	821	3
GO:0042600	823	3
GO:0106139	824	3
GO:0044218	825	3
GO:0034430	826	3
GO:0033105	827	3
GO:0061499	828	3
GO:0061493	829	3
GO:0070470	830	3
GO:0005746	831	3
GO:0043657	832	3
GO:0043655	834	3
GO:0099070	835	3
GO:1905720	836	3
GO:0099071	837	3
GO:1901589	838	3
GO:0016029	840	3
GO:0097685	841	3
GO:0097611	843	3
GO:0098569	846	3
GO:0098572	847	3
GO:0098571	848	3
GO:0031241	849	3
GO:0098570	850	3
GO:0043590	853	3
GO:0042645	855	3
GO:0031003	858	3
GO:0032421	861	3
GO:0005903	862	3
GO:0036240	863	3
GO:0030287	864	3
GO:0030288	865	3
GO:0032046	874	3
GO:0042764	878	3
GO:0042601	879	3
GO:0097424	880	3
GO:0005731	881	3
GO:0097589	886	3
GO:0120200	888	3
GO:0120199	889	3
GO:0032163	890	3
GO:0032162	891	3
GO:1990435	892	3
GO:1990434	893	3
GO:0097687	894	3
GO:0070702	895	3
GO:0070703	896	3
GO:0140549	898	3
GO:0042175	899	3
GO:0036362	902	3
GO:0005628	903	3
GO:0048475	904	3
GO:0005642	905	3
GO:0140221	906	3
GO:0070056	907	3
GO:0034045	909	3
GO:0120118	913	3
GO:0098975	916	3
GO:0140525	917	3
GO:0030479	918	3
GO:0120095	919	3
GO:1990816	920	3
GO:0044289	921	3
GO:0044233	922	3
GO:0071561	923	3
GO:0140284	924	3
GO:0140268	925	3
GO:0044284	926	3
GO:0098853	927	3
GO:0000923	929	3
GO:0031021	930	3
GO:0031633	933	3
GO:0061851	935	3
GO:0009568	936	3
GO:0009569	937	3
GO:0032809	938	3
GO:0044294	939	3
GO:0044293	940	3
GO:0044296	941	3
GO:0098788	942	3
GO:0009577	943	3
GO:0009575	944	3
GO:0034060	945	3
GO:0009578	946	3
GO:0009570	947	3
GO:0009576	948	3
GO:1905506	949	3
GO:0009571	950	3
GO:0070263	951	3
GO:1990033	952	3
GO:0098549	954	3
GO:0140222	959	3
GO:0001725	961	3
GO:0097741	964	3
GO:0000776	967	3
GO:0097740	968	3
GO:1905760	969	3
GO:1905721	971	3
GO:0000933	974	3
GO:0061638	976	3
GO:0000791	978	3
GO:0030998	979	3
GO:0000795	980	3
GO:0031255	981	3
GO:0120249	982	3
GO:0043025	983	3
GO:1990017	984	3
GO:0035861	985	3
GO:0031612	986	3
GO:0031610	987	3
GO:0072380	988	3
GO:0071818	989	3
GO:1990350	990	3
GO:0061852	991	3
GO:1902556	992	3
GO:0031317	994	3
GO:0062051	995	3
GO:0042719	996	3
GO:1990429	998	3
GO:0000809	999	3
GO:0005664	1000	3
GO:0005870	1004	3
GO:1990587	1005	3
GO:1990588	1006	3
GO:0071761	1007	3
GO:0071758	1008	3
GO:0071760	1010	3
GO:0071759	1012	3
GO:0071762	1015	3
GO:0031617	1020	3
GO:0140225	1022	3
GO:0106069	1025	3
GO:0000796	1026	3
GO:0031604	1028	3
GO:0031606	1029	3
GO:0031607	1030	3
GO:0031609	1031	3
GO:0016914	1033	3
GO:0044834	1034	3
GO:0034206	1037	3
GO:1990178	1038	3
GO:1990177	1039	3
GO:0070565	1040	3
GO:0097550	1041	3
GO:0097520	1042	3
GO:0097519	1043	3
GO:1990097	1046	3
GO:0097522	1047	3
GO:0035692	1048	3
GO:1905540	1049	3
GO:0038104	1053	3
GO:0140368	1054	3
GO:1905571	1055	3
GO:0002947	1056	3
GO:0070195	1057	3
GO:0002116	1059	3
GO:1990620	1060	3
GO:1905543	1062	3
GO:0046696	1063	3
GO:0019907	1064	3
GO:0150006	1065	3
GO:0120231	1068	3
GO:0043598	1069	3
GO:0043599	1070	3
GO:0043513	1071	3
GO:0043512	1072	3
GO:1990500	1073	3
GO:0005869	1074	3
GO:0070652	1075	3
GO:0031500	1076	3
GO:0008352	1078	3
GO:0032133	1080	3
GO:0000931	1081	3
GO:0008275	1082	3
GO:0061828	1083	3
GO:0061829	1084	3
GO:0031615	1085	3
GO:0031613	1086	3
GO:0071666	1087	3
GO:0017087	1088	3
GO:0019008	1089	3
GO:0070421	1090	3
GO:0106232	1091	3
GO:0009341	1092	3
GO:0071092	1093	3
GO:0044675	1096	3
GO:0009328	1097	3
GO:0071089	1100	3
GO:0031510	1101	3
GO:1902508	1103	3
GO:0017109	1104	3
GO:0072589	1105	3
GO:1903269	1106	3
GO:0072669	1107	3
GO:0009318	1108	3
GO:0098009	1109	3
GO:1903600	1110	3
GO:0043541	1111	3
GO:0070214	1112	3
GO:0031421	1114	3
GO:0031250	1115	3
GO:0071067	1116	3
GO:0031422	1118	3
GO:0071513	1119	3
GO:0008074	1120	3
GO:0009320	1121	3
GO:0106055	1123	3
GO:0044681	1124	3
GO:0061576	1125	3
GO:0010169	1127	3
GO:0033588	1129	3
GO:0070332	1130	3
GO:0071088	1131	3
GO:0031391	1132	3
GO:0097342	1133	3
GO:1990143	1134	3
GO:0071057	1135	3
GO:0009337	1137	3
GO:0030877	1140	3
GO:0005954	1141	3
GO:0009316	1143	3
GO:0005601	1145	3
GO:0009332	1146	3
GO:0031429	1147	3
GO:0030895	1148	3
GO:0005950	1149	3
GO:0120123	1150	3
GO:0140715	1151	3
GO:0019197	1152	3
GO:0034615	1153	3
GO:0002144	1154	3
GO:0005835	1155	3
GO:0071091	1156	3
GO:0005951	1157	3
GO:0035550	1160	3
GO:0009350	1161	3
GO:0009366	1163	3
GO:0010316	1164	3
GO:0030956	1165	3
GO:0010007	1166	3
GO:0010318	1168	3
GO:0042720	1171	3
GO:0009356	1172	3
GO:0071078	1176	3
GO:1902793	1177	3
GO:0070331	1178	3
GO:0032807	1179	3
GO:0005966	1180	3
GO:1990358	1181	3
GO:0071093	1182	3
GO:0009344	1183	3
GO:0009346	1186	3
GO:0010317	1188	3
GO:0032299	1189	3
GO:0071090	1190	3
GO:0036087	1191	3
GO:0070559	1192	3
GO:0008247	1193	3
GO:1904176	1194	3
GO:0044676	1196	3
GO:0009345	1197	3
GO:1904974	1198	3
GO:0009338	1200	3
GO:0044569	1201	3
GO:0017177	1202	3
GO:0017101	1203	3
GO:0017086	1204	3
GO:0044677	1205	3
GO:0000015	1207	3
GO:1905379	1210	3
GO:1990356	1211	3
GO:0044672	1212	3
GO:0070765	1213	3
GO:0052718	1215	3
GO:0032152	1216	3
GO:0032151	1217	3
GO:0031523	1218	3
GO:0031533	1219	3
GO:0005656	1220	3
GO:0032545	1221	3
GO:0062238	1222	3
GO:0034753	1224	3
GO:0070467	1225	3
GO:0043601	1226	3
GO:1990622	1227	3
GO:0033557	1228	3
GO:0030958	1229	3
GO:0070516	1230	3
GO:0032390	1231	3
GO:1990713	1232	3
GO:0008180	1233	3
GO:0070552	1234	3
GO:0070354	1236	3
GO:0032039	1237	3
GO:0043847	1239	3
GO:0090573	1240	3
GO:0034457	1241	3
GO:0031598	1242	3
GO:0002111	1243	3
GO:0031499	1244	3
GO:0000817	1245	3
GO:0034388	1246	3
GO:0070877	1247	3
GO:0008622	1248	3
GO:1990862	1249	3
GO:0089701	1250	3
GO:0032302	1252	3
GO:0031518	1253	3
GO:0033065	1254	3
GO:0043240	1255	3
GO:0070762	1257	3
GO:1990469	1258	3
GO:0071821	1259	3
GO:0034981	1260	3
GO:1990354	1261	3
GO:0032798	1262	3
GO:0035059	1263	3
GO:0044776	1264	3
GO:0030685	1265	3
GO:0070876	1267	3
GO:0005643	1268	3
GO:0070545	1269	3
GO:0033063	1270	3
GO:0034692	1271	3
GO:0044611	1272	3
GO:0071178	1274	3
GO:0044613	1275	3
GO:0033597	1278	3
GO:0032301	1279	3
GO:0090570	1280	3
GO:0031298	1281	3
GO:0005662	1282	3
GO:0031390	1283	3
GO:0062119	1285	3
GO:0035808	1286	3
GO:0062141	1287	3
GO:0070353	1288	3
GO:0034978	1289	3
GO:0033064	1290	3
GO:0070517	1291	3
GO:0034974	1292	3
GO:0031380	1293	3
GO:1990333	1294	3
GO:0042272	1295	3
GO:0034980	1297	3
GO:0043564	1298	3
GO:0070532	1299	3
GO:0048189	1301	3
GO:0071175	1302	3
GO:0030870	1303	3
GO:0044614	1304	3
GO:0030896	1307	3
GO:0090661	1308	3
GO:0034456	1311	3
GO:1990512	1312	3
GO:0070310	1313	3
GO:0090574	1314	3
GO:0071181	1315	3
GO:0070313	1317	3
GO:0071819	1318	3
GO:0031431	1319	3
GO:0070531	1320	3
GO:0044615	1321	3
GO:0044612	1323	3
GO:0033203	1325	3
GO:0005655	1326	3
GO:0033066	1327	3
GO:1990453	1329	3
GO:0070390	1330	3
GO:0070693	1331	3
GO:0002180	1332	3
GO:0070274	1333	3
GO:0043625	1334	3
GO:0062128	1335	3
GO:0071177	1336	3
GO:0070767	1337	3
GO:0000346	1338	3
GO:0033167	1339	3
GO:0031601	1340	3
GO:0034455	1341	3
GO:0071176	1342	3
GO:0070557	1343	3
GO:0090572	1345	3
GO:0061838	1346	3
GO:0000214	1347	3
GO:0071180	1348	3
GO:0070533	1349	3
GO:0000818	1350	3
GO:0031080	1351	3
GO:0034064	1353	3
GO:1990477	1355	3
GO:0043626	1356	3
GO:0043845	1357	3
GO:0031595	1358	3
GO:0071204	1360	3
GO:0042729	1361	3
GO:0032389	1363	3
GO:0070418	1364	3
GO:0071182	1365	3
GO:0043846	1366	3
GO:0005958	1368	3
GO:0033620	1370	3
GO:0033062	1371	3
GO:0070209	1372	3
GO:0110103	1373	3
GO:0071179	1374	3
GO:0098654	1375	3
GO:0016592	1376	3
GO:0097075	1377	3
GO:0097074	1378	3
GO:0097073	1379	3
GO:0097072	1380	3
GO:0097085	1381	3
GO:0072559	1382	3
GO:0140634	1383	3
GO:0072558	1384	3
GO:0097169	1385	3
GO:0072557	1386	3
GO:0140738	1387	3
GO:1990326	1389	3
GO:1990324	1390	3
GO:0005589	1397	3
GO:0098745	1398	3
GO:0005845	1399	3
GO:0106095	1400	3
GO:0005846	1401	3
GO:0034519	1402	3
GO:1990685	1403	3
GO:1990686	1404	3
GO:1990063	1405	3
GO:0030904	1407	3
GO:0160005	1408	3
GO:0106103	1409	3
GO:0031205	1411	3
GO:0009539	1413	3
GO:1990604	1416	3
GO:0031207	1417	3
GO:0071439	1418	3
GO:0017090	1420	3
GO:0009654	1422	3
GO:0042824	1424	3
GO:0009783	1425	3
GO:0044570	1426	3
GO:0042765	1427	3
GO:0071986	1429	3
GO:1990629	1430	3
GO:0009782	1431	3
GO:0000506	1433	3
GO:0000815	1436	3
GO:0033282	1437	3
GO:0009538	1440	3
GO:0010278	1441	3
GO:0010006	1442	3
GO:0140622	1443	3
GO:0032937	1444	3
GO:0032969	1445	3
GO:0036502	1446	3
GO:0097658	1447	3
GO:0034424	1448	3
GO:0009923	1449	3
GO:0000813	1450	3
GO:0035369	1451	3
GO:0062079	1453	3
GO:0044695	1454	3
GO:0032936	1455	3
GO:0072546	1456	3
GO:1990850	1458	3
GO:0005785	1460	3
GO:0000814	1462	3
GO:0034098	1465	3
GO:0071595	1466	3
GO:0031897	1467	3
GO:0030905	1468	3
GO:0061742	1469	3
GO:0106234	1472	3
GO:0030906	1473	3
GO:0042825	1474	3
GO:1990332	1476	3
GO:1990231	1478	3
GO:0005787	1480	3
GO:0061779	1482	3
GO:0030089	1483	3
GO:1990621	1484	3
GO:0036513	1485	3
GO:1902694	1486	3
GO:0034741	1487	3
GO:1990306	1489	3
GO:0005953	1490	3
GO:0032449	1491	3
GO:0010170	1494	3
GO:0005955	1495	3
GO:0031522	1496	3
GO:0035301	1499	3
GO:0034745	1500	3
GO:0097361	1501	3
GO:0005956	1502	3
GO:0071521	1503	3
GO:0071152	1504	3
GO:0071153	1505	3
GO:1990303	1506	3
GO:0030015	1509	3
GO:0033593	1510	3
GO:0032517	1511	3
GO:0009375	1512	3
GO:0097539	1513	3
GO:0034717	1514	3
GO:0044609	1517	3
GO:0120103	1518	3
GO:0005963	1519	3
GO:1990328	1522	3
GO:0032996	1523	3
GO:0034746	1524	3
GO:0034743	1525	3
GO:0034977	1527	3
GO:1990305	1528	3
GO:0000131	1529	3
GO:0034716	1531	3
GO:1990304	1532	3
GO:0008043	1533	3
GO:0048269	1534	3
GO:0009357	1535	3
GO:0120269	1536	3
GO:0097149	1538	3
GO:0034744	1539	3
GO:0017122	1540	3
GO:0032144	1542	3
GO:0071154	1543	3
GO:0033607	1545	3
GO:0070850	1546	3
GO:0070937	1547	3
GO:0030014	1548	3
GO:0071155	1549	3
GO:0005952	1550	3
GO:0099078	1551	3
GO:0031588	1552	3
GO:0005611	1553	3
GO:1990338	1554	3
GO:0043258	1555	3
GO:0043261	1556	3
GO:0005607	1557	3
GO:0005606	1558	3
GO:0005612	1559	3
GO:0005609	1560	3
GO:1990340	1561	3
GO:0061801	1562	3
GO:0043257	1563	3
GO:0043259	1564	3
GO:1990339	1565	3
GO:0005608	1566	3
GO:0005610	1567	3
GO:0043260	1568	3
GO:0030937	1571	3
GO:0031560	1572	3
GO:0031562	1573	3
GO:0031563	1574	3
GO:0031561	1575	3
GO:0089713	1576	3
GO:0090578	1578	3
GO:0019185	1579	3
GO:0090577	1580	3
GO:1990198	1581	3
GO:1903865	1582	3
GO:0110129	1584	3
GO:0016581	1585	3
GO:0031600	1586	3
GO:0071540	1587	3
GO:0071541	1588	3
GO:0097142	1589	3
GO:0097146	1590	3
GO:0097147	1591	3
GO:0097140	1592	3
GO:0097138	1593	3
GO:0097148	1594	3
GO:0097141	1595	3
GO:0097139	1596	3
GO:0097145	1597	3
GO:0097137	1598	3
GO:0097143	1599	3
GO:0097144	1600	3
GO:1990501	1601	3
GO:1990584	1602	3
GO:0016010	1603	3
GO:1990779	1604	3
GO:0071086	1605	3
GO:0070289	1606	3
GO:1990710	1607	3
GO:0097587	1608	3
GO:0120115	1610	3
GO:1990726	1611	3
GO:0034715	1612	3
GO:0034718	1613	3
GO:0032797	1614	3
GO:0042564	1615	3
GO:0042565	1616	3
GO:1990425	1618	3
GO:0034099	1620	3
GO:1990529	1621	3
GO:0034663	1622	3
GO:0120097	1623	3
GO:0070939	1624	3
GO:0032865	1625	3
GO:0034664	1626	3
GO:0043529	1627	3
GO:0070385	1628	3
GO:0060987	1630	3
GO:0034985	1631	3
GO:0009841	1632	3
GO:0099128	1633	3
GO:0016507	1634	3
GO:0019910	1635	3
GO:0061671	1636	3
GO:0005757	1637	3
GO:0002187	1638	3
GO:0106098	1639	3
GO:0017133	1640	3
GO:0034245	1641	3
GO:0045025	1642	3
GO:0005760	1643	3
GO:0031019	1644	3
GO:0005763	1645	3
GO:0005762	1646	3
GO:0030678	1647	3
GO:0002169	1648	3
GO:0043294	1649	3
GO:0005967	1650	3
GO:0000938	1652	3
GO:0000145	1653	3
GO:0017119	1654	3
GO:0033263	1655	3
GO:1990121	1656	3
GO:0071142	1657	3
GO:0071144	1658	3
GO:1990083	1659	3
GO:1990084	1660	3
GO:1990085	1661	3
GO:1990082	1662	3
GO:0033565	1663	3
GO:0005844	1665	3
GO:0043614	1667	3
GO:0044207	1669	3
GO:0071254	1671	3
GO:0016456	1672	3
GO:0070761	1676	3
GO:1990124	1677	3
GO:1990572	1679	3
GO:1904564	1680	3
GO:1990562	1681	3
GO:0043510	1682	3
GO:0043509	1683	3
GO:0048183	1684	3
GO:0042642	1687	3
GO:0097362	1688	3
GO:1990150	1689	3
GO:1990265	1691	3
GO:0097523	1692	3
GO:0039670	1694	3
GO:0019029	1696	3
GO:0039641	1697	3
GO:0019031	1698	3
GO:0098017	1699	3
GO:0098018	1700	3
GO:0099523	1701	4
GO:0099524	1702	4
GO:0097444	1707	4
GO:0099629	1710	4
GO:0097482	1711	4
GO:0097412	1714	4
GO:0097409	1715	4
GO:0097408	1716	4
GO:0097407	1717	4
GO:0097416	1718	4
GO:0097417	1719	4
GO:0097420	1720	4
GO:0097419	1721	4
GO:0097418	1723	4
GO:0070088	1724	4
GO:0016235	1725	4
GO:0030075	1727	4
GO:0070116	1728	4
GO:0005729	1729	4
GO:0005728	1730	4
GO:0035839	1731	4
GO:0035619	1732	4
GO:0035062	1733	4
GO:0030673	1736	4
GO:0032590	1737	4
GO:0032591	1738	4
GO:0060171	1739	4
GO:0060293	1742	4
GO:0000779	1743	4
GO:0140445	1744	4
GO:0099115	1745	4
GO:0033114	1746	4
GO:0009543	1747	4
GO:0005740	1749	4
GO:0070732	1750	4
GO:0005635	1751	4
GO:0090404	1753	4
GO:0035841	1754	4
GO:0044295	1755	4
GO:0009519	1756	4
GO:0062130	1757	4
GO:1990377	1758	4
GO:0070505	1759	4
GO:0062129	1763	4
GO:0097570	1768	4
GO:0120234	1769	4
GO:0120238	1770	4
GO:0030114	1771	4
GO:0120240	1772	4
GO:0090123	1773	4
GO:0042603	1774	4
GO:0120239	1775	4
GO:0044084	1776	4
GO:0044221	1777	4
GO:0020004	1778	4
GO:0044155	1781	4
GO:0035792	1782	4
GO:0043665	1783	4
GO:0044231	1785	4
GO:0020005	1787	4
GO:0043656	1789	4
GO:0044158	1790	4
GO:0044228	1791	4
GO:0044538	1793	4
GO:0140593	1794	4
GO:0044230	1796	4
GO:0044229	1797	4
GO:0043664	1798	4
GO:0020006	1799	4
GO:1990040	1800	4
GO:0097618	1801	4
GO:0098591	1802	4
GO:0098567	1803	4
GO:0098548	1805	4
GO:0098574	1806	4
GO:0032473	1809	4
GO:0098575	1811	4
GO:0098547	1814	4
GO:0099617	1816	4
GO:0098568	1817	4
GO:0042644	1818	4
GO:0042647	1819	4
GO:1990623	1820	4
GO:0044305	1821	4
GO:0044316	1822	4
GO:0099096	1823	4
GO:0070648	1824	4
GO:0090732	1826	4
GO:0031243	1830	4
GO:0031361	1832	4
GO:0097634	1836	4
GO:0098993	1854	4
GO:0099036	1855	4
GO:0099037	1857	4
GO:0099035	1858	4
GO:1990873	1860	4
GO:0005802	1864	4
GO:0005795	1865	4
GO:0042649	1868	4
GO:0009843	1869	4
GO:0071781	1870	4
GO:0014802	1871	4
GO:0097467	1873	4
GO:1990795	1874	4
GO:1990026	1875	4
GO:0061175	1876	4
GO:1990024	1878	4
GO:1990796	1880	4
GO:1990027	1881	4
GO:1990025	1882	4
GO:0120327	1883	4
GO:0070451	1884	4
GO:0098854	1885	4
GO:0001726	1886	4
GO:0032059	1887	4
GO:1990905	1889	4
GO:0070685	1890	4
GO:0016028	1891	4
GO:0090406	1893	4
GO:0098846	1894	4
GO:0044393	1895	4
GO:0001931	1896	4
GO:0036194	1897	4
GO:0031143	1900	4
GO:0005937	1901	4
GO:0035618	1902	4
GO:0097511	1903	4
GO:0035230	1904	4
GO:0044096	1905	4
GO:0140621	1906	4
GO:0098774	1907	4
GO:0090396	1908	4
GO:0090397	1909	4
GO:0090705	1910	4
GO:0055040	1911	4
GO:0085041	1912	4
GO:0032588	1914	4
GO:0033016	1915	4
GO:0110146	1919	4
GO:1990578	1923	4
GO:0001533	1928	4
GO:0097524	1929	4
GO:0042383	1930	4
GO:0043594	1932	4
GO:0016327	1934	4
GO:0009925	1935	4
GO:1990913	1936	4
GO:0120003	1937	4
GO:0120267	1938	4
GO:0110070	1940	4
GO:0032154	1942	4
GO:0005905	1944	4
GO:0099400	1945	4
GO:0016324	1946	4
GO:0016323	1948	4
GO:1990075	1949	4
GO:0060342	1950	4
GO:0031676	1951	4
GO:0099401	1953	4
GO:0098692	1956	4
GO:0098691	1957	4
GO:0140240	1958	4
GO:0099192	1959	4
GO:0098979	1964	4
GO:0099154	1965	4
GO:0098685	1967	4
GO:0098690	1968	4
GO:0120119	1972	4
GO:0097464	1973	4
GO:1902675	1974	4
GO:1902678	1975	4
GO:1902673	1976	4
GO:1902676	1977	4
GO:1902677	1978	4
GO:1902672	1979	4
GO:1902636	1980	4
GO:1902674	1981	4
GO:1902671	1982	4
GO:0035974	1983	4
GO:0031616	1985	4
GO:0061916	1986	4
GO:0061917	1987	4
GO:0035324	1988	4
GO:0035323	1989	4
GO:0031245	1992	4
GO:0097632	1994	4
GO:0097629	1995	4
GO:0098850	1996	4
GO:0031315	1998	4
GO:0098929	2000	4
GO:0005780	2004	4
GO:0031316	2005	4
GO:0042406	2006	4
GO:0090498	2007	4
GO:0031234	2008	4
GO:0120203	2012	4
GO:0034591	2013	4
GO:0032117	2015	4
GO:0097165	2016	4
GO:0098643	2020	4
GO:0062194	2023	4
GO:0000936	2024	4
GO:0051077	2025	4
GO:0000937	2026	4
GO:1990342	2028	4
GO:0140720	2029	4
GO:0005725	2030	4
GO:0033553	2031	4
GO:0031934	2032	4
GO:0035985	2034	4
GO:1990343	2035	4
GO:1990203	2036	4
GO:0061993	2037	4
GO:1990281	2038	4
GO:0033573	2041	4
GO:1990207	2043	4
GO:0062155	2045	4
GO:0009319	2046	4
GO:1990662	2047	4
GO:1903103	2048	4
GO:0061841	2050	4
GO:1990530	2054	4
GO:1990971	2055	4
GO:0090733	2056	4
GO:1990972	2057	4
GO:0140366	2058	4
GO:1990724	2059	4
GO:0034687	2060	4
GO:0034684	2061	4
GO:0034676	2062	4
GO:0034686	2063	4
GO:0034688	2064	4
GO:0034668	2065	4
GO:0070442	2066	4
GO:0034675	2067	4
GO:0034677	2068	4
GO:0034674	2069	4
GO:0034678	2070	4
GO:0034681	2071	4
GO:0034667	2072	4
GO:0034690	2073	4
GO:0034665	2074	4
GO:0034680	2075	4
GO:0034685	2076	4
GO:0034682	2077	4
GO:0034683	2078	4
GO:0034691	2079	4
GO:0034666	2080	4
GO:0034669	2081	4
GO:0034679	2082	4
GO:0034689	2083	4
GO:0071755	2084	4
GO:0071743	2086	4
GO:0071736	2088	4
GO:0071739	2089	4
GO:0071747	2090	4
GO:0071737	2091	4
GO:0071744	2092	4
GO:0071740	2093	4
GO:0071741	2094	4
GO:0043769	2095	4
GO:0043505	2096	4
GO:0140573	2097	4
GO:1990250	2098	4
GO:0030892	2099	4
GO:0030893	2100	4
GO:1990161	2101	4
GO:0009379	2102	4
GO:0017117	2103	4
GO:1990156	2104	4
GO:1990098	2106	4
GO:1990103	2108	4
GO:1990101	2109	4
GO:1990102	2110	4
GO:0036389	2111	4
GO:0043600	2112	4
GO:0071162	2113	4
GO:0000811	2114	4
GO:0030526	2116	4
GO:0070110	2117	4
GO:1990712	2118	4
GO:0038140	2119	4
GO:0016516	2120	4
GO:0045323	2121	4
GO:0038144	2123	4
GO:0032002	2124	4
GO:0005892	2125	4
GO:0005895	2127	4
GO:0045092	2128	4
GO:0035355	2129	4
GO:0005897	2130	4
GO:0038141	2131	4
GO:0070021	2132	4
GO:0043384	2133	4
GO:0005893	2134	4
GO:0030876	2135	4
GO:0038142	2136	4
GO:0005894	2137	4
GO:0005896	2138	4
GO:0035631	2139	4
GO:0048179	2140	4
GO:0070724	2141	4
GO:0005899	2142	4
GO:0038197	2143	4
GO:0038139	2144	4
GO:0038143	2145	4
GO:0005898	2146	4
GO:0072536	2147	4
GO:0042022	2148	4
GO:0005900	2149	4
GO:0030988	2150	4
GO:0035354	2151	4
GO:0034752	2152	4
GO:0098666	2153	4
GO:1902711	2154	4
GO:1902712	2155	4
GO:1903767	2156	4
GO:1990334	2157	4
GO:1990877	2158	4
GO:0044775	2159	4
GO:0005868	2160	4
GO:0016938	2162	4
GO:0016939	2163	4
GO:0005873	2164	4
GO:0005872	2165	4
GO:0032921	2166	4
GO:0043020	2167	4
GO:0009339	2168	4
GO:1990201	2169	4
GO:0009322	2171	4
GO:0009390	2172	4
GO:0015050	2174	4
GO:1990205	2175	4
GO:1990202	2176	4
GO:0062151	2177	4
GO:0005960	2178	4
GO:1902792	2181	4
GO:1904852	2183	4
GO:0009331	2184	4
GO:1902693	2185	4
GO:1902515	2187	4
GO:0030386	2188	4
GO:0044679	2189	4
GO:1990148	2190	4
GO:0009326	2191	4
GO:0005971	2193	4
GO:0030700	2194	4
GO:0009334	2195	4
GO:0002197	2196	4
GO:0062077	2198	4
GO:0009321	2199	4
GO:0044678	2200	4
GO:1902560	2201	4
GO:0009324	2202	4
GO:0140690	2203	4
GO:0009840	2204	4
GO:0045274	2205	4
GO:0009512	2209	4
GO:0071685	2210	4
GO:0071017	2211	4
GO:0071006	2212	4
GO:0062091	2213	4
GO:0120217	2214	4
GO:0009340	2215	4
GO:0090730	2216	4
GO:0009573	2218	4
GO:0071007	2220	4
GO:0071018	2221	4
GO:0030930	2223	4
GO:0031603	2224	4
GO:0070014	2225	4
GO:0000812	2226	4
GO:0070211	2227	4
GO:0034967	2228	4
GO:0070823	2229	4
GO:0070824	2230	4
GO:0070210	2231	4
GO:1990483	2232	4
GO:1904096	2234	4
GO:1904097	2237	4
GO:1990330	2239	4
GO:1990329	2240	4
GO:0009380	2241	4
GO:0005969	2242	4
GO:0009333	2246	4
GO:0005836	2248	4
GO:0000148	2249	4
GO:0140615	2250	4
GO:0009349	2251	4
GO:1904423	2253	4
GO:0044673	2254	4
GO:0070916	2256	4
GO:0009347	2257	4
GO:1990302	2258	4
GO:0009382	2261	4
GO:0009348	2264	4
GO:1990230	2265	4
GO:0005965	2266	4
GO:0005948	2267	4
GO:0005946	2268	4
GO:0005968	2270	4
GO:0044674	2271	4
GO:0034274	2272	4
GO:0032284	2273	4
GO:0032282	2274	4
GO:0005749	2275	4
GO:0045284	2276	4
GO:0034083	2277	4
GO:0034082	2278	4
GO:0005745	2280	4
GO:0061672	2281	4
GO:0120125	2283	4
GO:0000124	2284	4
GO:0005834	2285	4
GO:1990131	2286	4
GO:1990232	2287	4
GO:0010367	2288	4
GO:0010368	2289	4
GO:0000333	2290	4
GO:0031020	2291	4
GO:0036396	2292	4
GO:0120259	2295	4
GO:0005683	2297	4
GO:0070312	2298	4
GO:0000110	2299	4
GO:0070522	2300	4
GO:0071942	2301	4
GO:0000112	2302	4
GO:0070912	2303	4
GO:0000111	2304	4
GO:0070913	2305	4
GO:0000113	2306	4
GO:0000446	2307	4
GO:0000445	2308	4
GO:0044666	2309	4
GO:0070311	2310	4
GO:0043494	2312	4
GO:0035098	2313	4
GO:0048188	2314	4
GO:0071023	2317	4
GO:0044530	2320	4
GO:0140091	2323	4
GO:0140288	2324	4
GO:0071565	2325	4
GO:0016514	2326	4
GO:0016586	2328	4
GO:0071564	2329	4
GO:0035060	2330	4
GO:0110016	2332	4
GO:0140093	2334	4
GO:0140092	2335	4
GO:0000500	2336	4
GO:0005668	2337	4
GO:0070860	2338	4
GO:0070449	2339	4
GO:0016593	2340	4
GO:0032044	2342	4
GO:0032021	2343	4
GO:0032783	2344	4
GO:0035101	2345	4
GO:0071665	2346	4
GO:0070369	2347	4
GO:0005847	2348	4
GO:0005848	2349	4
GO:0070985	2350	4
GO:0035189	2351	4
GO:0071943	2352	4
GO:0097221	2354	4
GO:1990617	2356	4
GO:1990433	2357	4
GO:0016513	2358	4
GO:0032444	2360	4
GO:0070514	2361	4
GO:1990590	2362	4
GO:0005672	2363	4
GO:0062071	2364	4
GO:1990589	2365	4
GO:0005673	2366	4
GO:1990647	2367	4
GO:0033309	2368	4
GO:0030907	2369	4
GO:0030232	2370	4
GO:0033276	2371	4
GO:0070847	2372	4
GO:0005675	2373	4
GO:1990378	2374	4
GO:1990664	2375	4
GO:0036488	2377	4
GO:0140552	2378	4
GO:0016602	2379	4
GO:0089716	2380	4
GO:0005674	2381	4
GO:1990513	2382	4
GO:0070721	2383	4
GO:0099053	2384	4
GO:0035517	2386	4
GO:0035102	2387	4
GO:0035525	2388	4
GO:0090695	2389	4
GO:0090694	2390	4
GO:0000418	2391	4
GO:0000419	2392	4
GO:0005666	2393	4
GO:0005658	2394	4
GO:0005736	2395	4
GO:0005665	2396	4
GO:0016591	2397	4
GO:0140261	2398	4
GO:0005680	2399	4
GO:0043224	2400	4
GO:0031436	2401	4
GO:0033768	2402	4
GO:0070187	2407	4
GO:1990879	2408	4
GO:1990508	2409	4
GO:0101019	2410	4
GO:0030690	2411	4
GO:0030692	2412	4
GO:0030691	2413	4
GO:0030869	2414	4
GO:0061793	2415	4
GO:0061773	2416	4
GO:0070440	2417	4
GO:0070722	2418	4
GO:1990711	2419	4
GO:0070443	2420	4
GO:0017054	2421	4
GO:0070176	2422	4
GO:0070439	2423	4
GO:0005587	2425	4
GO:0005599	2426	4
GO:0005591	2427	4
GO:1990321	2428	4
GO:0005596	2429	4
GO:0005597	2430	4
GO:0005595	2431	4
GO:1990320	2432	4
GO:0005594	2433	4
GO:1990318	2434	4
GO:1990319	2435	4
GO:0005585	2436	4
GO:1990325	2437	4
GO:0005584	2438	4
GO:1990323	2439	4
GO:0005586	2440	4
GO:0005588	2441	4
GO:0005592	2442	4
GO:0005600	2443	4
GO:1990327	2444	4
GO:1990322	2445	4
GO:0005582	2446	4
GO:0030938	2447	4
GO:0005590	2448	4
GO:0045266	2449	4
GO:0000274	2450	4
GO:0071129	2451	4
GO:0071096	2452	4
GO:0031913	2453	4
GO:0070770	2454	4
GO:0071119	2455	4
GO:0045262	2456	4
GO:0034995	2457	4
GO:0070031	2458	4
GO:0030132	2459	4
GO:0071118	2460	4
GO:0071123	2461	4
GO:0070620	2462	4
GO:0071124	2463	4
GO:0070621	2465	4
GO:0000222	2466	4
GO:0070437	2467	4
GO:0070619	2468	4
GO:0071099	2470	4
GO:0071115	2471	4
GO:0071125	2472	4
GO:0045278	2473	4
GO:0016027	2474	4
GO:0070023	2475	4
GO:0071080	2476	4
GO:0071138	2477	4
GO:0071053	2478	4
GO:0070465	2479	4
GO:0071052	2481	4
GO:0071062	2482	4
GO:0070719	2483	4
GO:0071098	2484	4
GO:0071101	2485	4
GO:0070030	2486	4
GO:0044731	2487	4
GO:1990398	2488	4
GO:0035868	2489	4
GO:0071060	2490	4
GO:0097025	2491	4
GO:0035866	2492	4
GO:0070763	2493	4
GO:0016014	2494	4
GO:0097538	2495	4
GO:0062136	2496	4
GO:0070024	2497	4
GO:0071065	2498	4
GO:0071137	2499	4
GO:1990851	2500	4
GO:0005579	2502	4
GO:0071087	2503	4
GO:0030122	2504	4
GO:0070519	2505	4
GO:0070720	2506	4
GO:0070464	2507	4
GO:0071085	2508	4
GO:0044799	2509	4
GO:0030096	2510	4
GO:0071127	2511	4
GO:0034673	2512	4
GO:0016342	2513	4
GO:0000223	2514	4
GO:0071068	2515	4
GO:0071070	2516	4
GO:0071120	2517	4
GO:0071059	2518	4
GO:0071121	2519	4
GO:0070357	2520	4
GO:0071113	2521	4
GO:1990392	2522	4
GO:0071100	2523	4
GO:0035867	2524	4
GO:0071134	2525	4
GO:0070466	2526	4
GO:0034662	2527	4
GO:0070618	2528	4
GO:0030094	2529	4
GO:0070558	2530	4
GO:0071116	2531	4
GO:0071102	2532	4
GO:0071064	2534	4
GO:0071131	2535	4
GO:0070764	2536	4
GO:0070017	2537	4
GO:0045264	2538	4
GO:0045268	2539	4
GO:0071082	2540	4
GO:0016011	2541	4
GO:0009921	2542	4
GO:0071135	2543	4
GO:0071069	2544	4
GO:0071128	2545	4
GO:0071095	2546	4
GO:0071136	2547	4
GO:0008282	2548	4
GO:0070450	2549	4
GO:0045260	2550	4
GO:0071094	2551	4
GO:0005889	2552	4
GO:0071122	2553	4
GO:0071054	2554	4
GO:0005890	2555	4
GO:0071083	2556	4
GO:0035003	2557	4
GO:0070520	2558	4
GO:0045270	2559	4
GO:0070515	2560	4
GO:1990184	2561	4
GO:0071081	2562	4
GO:0071097	2563	4
GO:0070518	2564	4
GO:1990176	2565	4
GO:0016013	2566	4
GO:0071079	2567	4
GO:0071112	2568	4
GO:0048493	2569	4
GO:0071061	2570	4
GO:0071114	2571	4
GO:0071084	2572	4
GO:0019183	2573	4
GO:1990270	2574	4
GO:0016600	2575	4
GO:0033181	2576	4
GO:0045272	2577	4
GO:0016935	2578	4
GO:0071055	2579	4
GO:0071132	2580	4
GO:0070771	2582	4
GO:0005922	2583	4
GO:0016012	2584	4
GO:0070769	2586	4
GO:0070521	2587	4
GO:0033281	2588	4
GO:0034997	2589	4
GO:0070435	2590	4
GO:0071058	2591	4
GO:0001518	2592	4
GO:0002095	2593	4
GO:0070333	2594	4
GO:0071126	2595	4
GO:0071117	2597	4
GO:0070029	2598	4
GO:0070334	2599	4
GO:0071130	2600	4
GO:0070718	2601	4
GO:0045276	2602	4
GO:0071056	2603	4
GO:0071133	2604	4
GO:0070436	2605	4
GO:0016473	2606	4
GO:0016474	2607	4
GO:0005756	2608	4
GO:0000837	2613	4
GO:1990389	2615	4
GO:1902502	2617	4
GO:0070768	2620	4
GO:0070766	2621	4
GO:0070554	2622	4
GO:0070046	2623	4
GO:0070033	2624	4
GO:0070067	2625	4
GO:0070044	2626	4
GO:0070356	2627	4
GO:0070032	2628	4
GO:0070066	2629	4
GO:0070065	2630	4
GO:0070068	2631	4
GO:0070045	2632	4
GO:0070047	2633	4
GO:0097654	2634	4
GO:0070048	2635	4
GO:0070049	2636	4
GO:0070355	2637	4
GO:0034998	2638	4
GO:0035000	2639	4
GO:0034999	2640	4
GO:0005754	2641	4
GO:0036266	2642	4
GO:0045320	2644	4
GO:0009544	2645	4
GO:0009655	2646	4
GO:0030085	2647	4
GO:0030095	2648	4
GO:0033174	2649	4
GO:0030093	2650	4
GO:0009656	2651	4
GO:0033175	2652	4
GO:0097585	2653	4
GO:0097586	2654	4
GO:0097584	2655	4
GO:0097582	2656	4
GO:0097583	2657	4
GO:0097652	2660	4
GO:0036053	2663	4
GO:0042652	2664	4
GO:0042653	2665	4
GO:1990524	2666	4
GO:1990246	2667	4
GO:0061617	2668	4
GO:0140275	2669	4
GO:0005744	2670	4
GO:0000276	2671	4
GO:0000275	2672	4
GO:1990677	2673	4
GO:0005753	2674	4
GO:0042721	2675	4
GO:0035632	2676	4
GO:0062011	2677	4
GO:0001405	2678	4
GO:0005750	2679	4
GO:0031942	2680	4
GO:0005747	2681	4
GO:0005751	2682	4
GO:0032478	2683	4
GO:0140497	2684	4
GO:0140498	2685	4
GO:0030124	2686	4
GO:0030123	2687	4
GO:0044599	2689	4
GO:1990490	2690	4
GO:0071261	2693	4
GO:0005784	2694	4
GO:0033257	2695	4
GO:1990111	2696	4
GO:0009342	2699	4
GO:1990565	2700	4
GO:0005832	2701	4
GO:0033254	2702	4
GO:0140714	2704	4
GO:1990071	2705	4
GO:1990070	2706	4
GO:1990072	2707	4
GO:0031931	2709	4
GO:0031932	2710	4
GO:0016611	2711	4
GO:0016613	2712	4
GO:0016612	2713	4
GO:0034066	2714	4
GO:0031085	2715	4
GO:0031084	2716	4
GO:0031083	2717	4
GO:0035370	2718	4
GO:0033503	2719	4
GO:0031372	2720	4
GO:0070420	2721	4
GO:1990452	2724	4
GO:1990353	2725	4
GO:0097505	2728	4
GO:0071797	2729	4
GO:0034657	2730	4
GO:1990352	2731	4
GO:0009360	2732	4
GO:0009355	2733	4
GO:0016035	2734	4
GO:0033185	2735	4
GO:0030079	2736	4
GO:0030078	2737	4
GO:0009517	2738	4
GO:0110001	2740	4
GO:0036411	2741	4
GO:0034734	2743	4
GO:0034735	2744	4
GO:0034740	2745	4
GO:0070264	2746	4
GO:0000127	2747	4
GO:0034730	2748	4
GO:0034731	2749	4
GO:0070387	2750	4
GO:0070386	2751	4
GO:0070388	2752	4
GO:0045244	2756	4
GO:0005962	2757	4
GO:0033290	2758	4
GO:0016282	2759	4
GO:0033291	2762	4
GO:0080085	2763	4
GO:0005786	2764	4
GO:0048501	2765	4
GO:0030680	2766	4
GO:0032040	2768	4
GO:0030688	2769	4
GO:0030687	2770	4
GO:0030686	2771	4
GO:0016442	2772	4
GO:0031428	2773	4
GO:0000172	2775	4
GO:0031479	2776	4
GO:0031481	2777	4
GO:0031477	2778	4
GO:0031484	2779	4
GO:0031485	2780	4
GO:0045160	2781	4
GO:0031478	2782	4
GO:0031483	2783	4
GO:0031475	2784	4
GO:0031476	2785	4
GO:0031488	2786	4
GO:0042385	2787	4
GO:0031486	2788	4
GO:0031480	2789	4
GO:0031482	2790	4
GO:0031487	2791	4
GO:0031474	2792	4
GO:0005859	2793	4
GO:0042567	2794	4
GO:0042568	2795	4
GO:0098032	2796	4
GO:0098033	2797	4
GO:0039621	2798	4
GO:0039629	2799	4
GO:0039619	2800	4
GO:0039623	2801	4
GO:0039628	2802	4
GO:0039622	2803	4
GO:0039617	2804	4
GO:0039616	2805	4
GO:0039627	2806	4
GO:0039620	2807	4
GO:0039615	2808	4
GO:0039618	2809	4
GO:0032019	2810	5
GO:0098593	2811	5
GO:0005730	2812	5
GO:0044312	2813	5
GO:0045170	2814	5
GO:1990732	2815	5
GO:0034515	2818	5
GO:1990934	2820	5
GO:0098536	2821	5
GO:0098681	2822	5
GO:0062159	2823	5
GO:0005814	2824	5
GO:0097597	2825	5
GO:0046858	2826	5
GO:0097727	2827	5
GO:0098682	2828	5
GO:0140453	2829	5
GO:1990973	2832	5
GO:0031411	2833	5
GO:0120293	2836	5
GO:0042151	2837	5
GO:0140737	2838	5
GO:0002102	2839	5
GO:0033009	2842	5
GO:0097693	2843	5
GO:0044223	2845	5
GO:0031094	2848	5
GO:0044222	2849	5
GO:0044227	2850	5
GO:0032047	2851	5
GO:0042735	2852	5
GO:1990413	2853	5
GO:0020022	2854	5
GO:0005793	2855	5
GO:0140494	2856	5
GO:0010168	2857	5
GO:0020009	2858	5
GO:0110143	2859	5
GO:0044311	2861	5
GO:1990462	2862	5
GO:0005801	2863	5
GO:0033099	2865	5
GO:0071212	2866	5
GO:0061468	2868	5
GO:0070074	2870	5
GO:0005739	2871	5
GO:0042566	2873	5
GO:0140644	2874	5
GO:0043263	2875	5
GO:0055039	2876	5
GO:0085026	2877	5
GO:0020003	2878	5
GO:0099573	2882	5
GO:0097415	2883	5
GO:0097414	2884	5
GO:0140602	2885	5
GO:1990012	2886	5
GO:0032157	2887	5
GO:0000142	2888	5
GO:0097014	2889	5
GO:0061803	2891	5
GO:0061802	2893	5
GO:0099631	2894	5
GO:0097575	2895	5
GO:0031097	2896	5
GO:1904269	2897	5
GO:0098831	2898	5
GO:0045180	2899	5
GO:1990753	2901	5
GO:0098834	2902	5
GO:0033112	2903	5
GO:0034425	2904	5
GO:0031898	2905	5
GO:0009941	2906	5
GO:0033096	2907	5
GO:0035842	2908	5
GO:0099535	2909	5
GO:0033166	2910	5
GO:0005614	2911	5
GO:0005604	2912	5
GO:0033165	2913	5
GO:0060102	2914	5
GO:0098965	2915	5
GO:0062040	2917	5
GO:0097311	2918	5
GO:0060387	2919	5
GO:0060388	2920	5
GO:0097515	2921	5
GO:0043591	2922	5
GO:0005619	2923	5
GO:0097514	2924	5
GO:0009276	2925	5
GO:0009275	2926	5
GO:0030445	2927	5
GO:0030446	2928	5
GO:0009530	2929	5
GO:0009531	2930	5
GO:0044219	2931	5
GO:0030430	2932	5
GO:0039643	2933	5
GO:0044188	2941	5
GO:0033645	2942	5
GO:0085037	2944	5
GO:0085042	2946	5
GO:0085039	2947	5
GO:0020002	2948	5
GO:0044178	2952	5
GO:0044173	2953	5
GO:0044386	2954	5
GO:0044176	2955	5
GO:0120026	2956	5
GO:0039679	2957	5
GO:0098592	2958	5
GO:0106186	2959	5
GO:1990780	2960	5
GO:0098541	2961	5
GO:0098557	2962	5
GO:0098556	2963	5
GO:0098559	2964	5
GO:0098560	2965	5
GO:0098540	2966	5
GO:0098551	2967	5
GO:0098550	2968	5
GO:0098558	2969	5
GO:0098555	2970	5
GO:0098860	2971	5
GO:0097516	2972	5
GO:0098861	2973	5
GO:0036419	2974	5
GO:0036406	2975	5
GO:0030173	2976	5
GO:0097631	2978	5
GO:0005779	2979	5
GO:1990701	2980	5
GO:1990703	2982	5
GO:1990704	2984	5
GO:0099065	2985	5
GO:1990702	2986	5
GO:0005639	2987	5
GO:0031309	2988	5
GO:0099066	2991	5
GO:0030285	2992	5
GO:0090740	2993	5
GO:0044214	2994	5
GO:0061455	2996	5
GO:0120101	2997	5
GO:0098752	2998	5
GO:0120001	3000	5
GO:0099033	3011	5
GO:0099032	3012	5
GO:0098753	3014	5
GO:0031362	3015	5
GO:0000138	3019	5
GO:0000137	3020	5
GO:0005797	3021	5
GO:0009515	3022	5
GO:0009533	3023	5
GO:0032541	3024	5
GO:0150088	3025	5
GO:0150087	3026	5
GO:0061176	3027	5
GO:0061177	3028	5
GO:0097456	3030	5
GO:0097454	3031	5
GO:0097387	3032	5
GO:0097455	3033	5
GO:1990761	3034	5
GO:0097463	3035	5
GO:1990812	3036	5
GO:0097733	3037	5
GO:0097447	3038	5
GO:0060091	3040	5
GO:1990769	3041	5
GO:1990906	3042	5
GO:0070852	3044	5
GO:0032420	3045	5
GO:0044317	3047	5
GO:1902737	3049	5
GO:0097462	3050	5
GO:0005640	3053	5
GO:0005637	3054	5
GO:0033163	3055	5
GO:0030868	3056	5
GO:0030867	3057	5
GO:1903349	3058	5
GO:0098897	3059	5
GO:0030661	3061	5
GO:0033111	3062	5
GO:0031095	3064	5
GO:0032578	3066	5
GO:0030668	3067	5
GO:0033106	3068	5
GO:0046859	3069	5
GO:0000139	3071	5
GO:0033102	3072	5
GO:0033118	3074	5
GO:0097488	3075	5
GO:0033116	3077	5
GO:0098826	3083	5
GO:0034426	3088	5
GO:0005743	3093	5
GO:0005741	3094	5
GO:0120201	3095	5
GO:0120202	3096	5
GO:1990675	3097	5
GO:1990676	3098	5
GO:1990674	3099	5
GO:0070118	3100	5
GO:0036407	3101	5
GO:0036195	3102	5
GO:0070250	3103	5
GO:0031526	3105	5
GO:0070686	3106	5
GO:0033583	3107	5
GO:0031260	3108	5
GO:0031527	3109	5
GO:0070867	3110	5
GO:1902929	3111	5
GO:0090512	3112	5
GO:0005901	3113	5
GO:0036062	3114	5
GO:0042734	3115	5
GO:0045211	3116	5
GO:0048787	3117	5
GO:0098835	3119	5
GO:0098844	3120	5
GO:0098983	3125	5
GO:0098684	3126	5
GO:0098683	3127	5
GO:0098522	3129	5
GO:0098686	3130	5
GO:0098688	3133	5
GO:0061832	3134	5
GO:0005916	3135	5
GO:0061831	3137	5
GO:0005921	3138	5
GO:0046581	3139	5
GO:0033010	3141	5
GO:0043296	3143	5
GO:0030057	3144	5
GO:0030056	3147	5
GO:0005927	3148	5
GO:0005925	3149	5
GO:0071958	3150	5
GO:0071957	3151	5
GO:0035451	3152	5
GO:0036421	3154	5
GO:0098674	3155	5
GO:0099007	3156	5
GO:0099616	3159	5
GO:0097042	3160	5
GO:0097635	3161	5
GO:0032419	3162	5
GO:0031236	3165	5
GO:0097489	3167	5
GO:0031981	3173	5
GO:0034492	3174	5
GO:0110145	3175	5
GO:0005759	3176	5
GO:0031096	3178	5
GO:0034494	3179	5
GO:1904813	3180	5
GO:0033985	3181	5
GO:0044842	3182	5
GO:1904724	3184	5
GO:0033391	3185	5
GO:0140364	3187	5
GO:0010494	3188	5
GO:0120279	3189	5
GO:0140365	3190	5
GO:1990633	3191	5
GO:0000932	3192	5
GO:0071598	3193	5
GO:0140363	3194	5
GO:0098646	3195	5
GO:0061836	3197	5
GO:0098647	3199	5
GO:0061800	3200	5
GO:0071953	3201	5
GO:0001527	3202	5
GO:0098652	3203	5
GO:1903754	3204	5
GO:0098578	3205	5
GO:0005722	3206	5
GO:0005723	3207	5
GO:1990196	3208	5
GO:1990197	3212	5
GO:0071756	3214	5
GO:0071757	3215	5
GO:0071748	3216	5
GO:0036030	3218	5
GO:0097181	3219	5
GO:0097182	3220	5
GO:0036027	3221	5
GO:0036028	3222	5
GO:0097183	3223	5
GO:0036029	3224	5
GO:0036024	3225	5
GO:0036026	3226	5
GO:0036025	3227	5
GO:1990159	3228	5
GO:1990160	3229	5
GO:1990157	3230	5
GO:1990158	3231	5
GO:0042105	3232	5
GO:0042106	3233	5
GO:1904602	3234	5
GO:0036157	3237	5
GO:0036156	3238	5
GO:1990657	3239	5
GO:0045243	3240	5
GO:0045241	3241	5
GO:0045250	3242	5
GO:0010240	3243	5
GO:0045247	3244	5
GO:0106392	3246	5
GO:0070578	3247	5
GO:0120330	3248	5
GO:0140638	3250	5
GO:0106391	3251	5
GO:0019813	3252	5
GO:0032068	3253	5
GO:0019812	3254	5
GO:0009359	3255	5
GO:0048476	3256	5
GO:0016580	3259	5
GO:0033698	3260	5
GO:0032221	3261	5
GO:0045249	3262	5
GO:0030289	3263	5
GO:0017023	3264	5
GO:1990567	3265	5
GO:0000159	3266	5
GO:0072357	3267	5
GO:0000164	3268	5
GO:1990455	3269	5
GO:0002189	3270	5
GO:0043540	3272	5
GO:0070622	3273	5
GO:0009358	3274	5
GO:0005945	3275	5
GO:0061694	3277	5
GO:0032283	3280	5
GO:0030915	3281	5
GO:0044568	3282	5
GO:0044567	3283	5
GO:1902507	3284	5
GO:1990140	3285	5
GO:0032477	3286	5
GO:0043853	3288	5
GO:0140020	3289	5
GO:0034709	3290	5
GO:0035657	3291	5
GO:0044680	3292	5
GO:0009353	3293	5
GO:0045248	3294	5
GO:1990235	3295	5
GO:0002179	3296	5
GO:1905961	3297	5
GO:1905370	3298	5
GO:1990520	3300	5
GO:0009361	3301	5
GO:0005682	3302	5
GO:0071003	3303	5
GO:0005686	3304	5
GO:0005688	3305	5
GO:0071024	3306	5
GO:0034693	3307	5
GO:0005693	3308	5
GO:0005687	3309	5
GO:0071002	3310	5
GO:0071001	3311	5
GO:0005690	3312	5
GO:0005685	3313	5
GO:0005692	3315	5
GO:0005691	3316	5
GO:0071339	3317	5
GO:0071004	3318	5
GO:0071015	3319	5
GO:0071021	3320	5
GO:0071022	3321	5
GO:0071019	3322	5
GO:0071016	3323	5
GO:0071005	3324	5
GO:0071008	3325	5
GO:0000243	3326	5
GO:0016590	3327	5
GO:0031213	3328	5
GO:0090537	3329	5
GO:0008623	3330	5
GO:0090535	3331	5
GO:0016589	3332	5
GO:0090536	3333	5
GO:0031011	3335	5
GO:0070692	3336	5
GO:0070691	3337	5
GO:0000440	3338	5
GO:0000438	3339	5
GO:0070556	3340	5
GO:0008232	3341	5
GO:0008231	3342	5
GO:1990243	3343	5
GO:0106084	3344	5
GO:1990331	3346	5
GO:0070776	3348	5
GO:0046695	3350	5
GO:0140671	3351	5
GO:0140672	3352	5
GO:0044545	3353	5
GO:0072487	3354	5
GO:1990454	3356	5
GO:0008087	3357	5
GO:0036128	3358	5
GO:0098855	3359	5
GO:0071196	3360	5
GO:0071194	3361	5
GO:0071193	3362	5
GO:0071192	3363	5
GO:0071199	3364	5
GO:0071200	3365	5
GO:0071197	3366	5
GO:0071202	3367	5
GO:0071195	3369	5
GO:0071198	3370	5
GO:0071201	3371	5
GO:0042613	3372	5
GO:0042612	3373	5
GO:0032398	3374	5
GO:0071185	3375	5
GO:0071187	3376	5
GO:0071186	3377	5
GO:0071189	3378	5
GO:0071188	3379	5
GO:0071190	3380	5
GO:0071184	3381	5
GO:0071191	3382	5
GO:0033000	3383	5
GO:0032998	3384	5
GO:0033001	3385	5
GO:0032999	3386	5
GO:0045258	3387	5
GO:0055052	3388	5
GO:0055051	3389	5
GO:1902517	3390	5
GO:1990222	3391	5
GO:0035796	3392	5
GO:1990060	3393	5
GO:1990191	3394	5
GO:1990199	3395	5
GO:1990193	3396	5
GO:1990154	3397	5
GO:0031265	3398	5
GO:0031266	3399	5
GO:0000839	3401	5
GO:0000838	3402	5
GO:1902501	3403	5
GO:0140595	3405	5
GO:0001401	3406	5
GO:0140596	3407	5
GO:0005944	3408	5
GO:0005943	3409	5
GO:0034272	3410	5
GO:0070772	3411	5
GO:0034271	3412	5
GO:0030126	3414	5
GO:0030127	3415	5
GO:0030121	3416	5
GO:0009376	3418	5
GO:1990220	3419	5
GO:0031417	3420	5
GO:0031415	3421	5
GO:0031416	3422	5
GO:0000345	3423	5
GO:0031381	3425	5
GO:0030891	3426	5
GO:0043223	3427	5
GO:0031467	3428	5
GO:0035361	3429	5
GO:0031466	3430	5
GO:0031463	3431	5
GO:0031462	3432	5
GO:0030083	3435	5
GO:0030084	3436	5
GO:0034733	3437	5
GO:0034732	3438	5
GO:0035339	3439	5
GO:0034362	3442	5
GO:0022627	3444	5
GO:0022625	3447	5
GO:0030679	3448	5
GO:0031471	3449	6
GO:0031470	3450	6
GO:0031472	3451	6
GO:0099165	3452	6
GO:0099092	3453	6
GO:0005700	3457	6
GO:0030849	3458	6
GO:0000262	3460	6
GO:0012511	3461	6
GO:0005633	3462	6
GO:0030485	3464	6
GO:0072686	3465	6
GO:0072687	3466	6
GO:0015630	3468	6
GO:0033011	3474	6
GO:0042788	3477	6
GO:0022626	3478	6
GO:0005701	3479	6
GO:0010370	3480	6
GO:0016008	3481	6
GO:0016006	3482	6
GO:0016009	3483	6
GO:0009501	3484	6
GO:0062116	3485	6
GO:0009507	3486	6
GO:0009842	3487	6
GO:0034400	3489	6
GO:0020011	3490	6
GO:0009513	3491	6
GO:0009509	3492	6
GO:0009537	3493	6
GO:0005790	3494	6
GO:0005791	3495	6
GO:0009511	3496	6
GO:0016529	3497	6
GO:1990007	3498	6
GO:0000331	3500	6
GO:0032195	3503	6
GO:0046816	3506	6
GO:0140266	3508	6
GO:0150051	3509	6
GO:0097571	3510	6
GO:0031039	3511	6
GO:0048556	3512	6
GO:0097572	3513	6
GO:0048353	3514	6
GO:0031040	3518	6
GO:0048555	3519	6
GO:1905754	3520	6
GO:0071914	3521	6
GO:0061701	3522	6
GO:0160014	3523	6
GO:0097691	3524	6
GO:0070062	3526	6
GO:0097189	3527	6
GO:0097728	3531	6
GO:1904115	3533	6
GO:0106037	3534	6
GO:1902716	3535	6
GO:0140472	3536	6
GO:0072534	3537	6
GO:0019034	3538	6
GO:0044196	3539	6
GO:0044203	3540	6
GO:0075341	3541	6
GO:0044095	3542	6
GO:0072495	3543	6
GO:0044199	3544	6
GO:0044204	3545	6
GO:0044383	3548	6
GO:0020036	3549	6
GO:0044164	3551	6
GO:0072492	3552	6
GO:0044177	3553	6
GO:0044220	3555	6
GO:0020030	3556	6
GO:0044186	3557	6
GO:0044166	3558	6
GO:0072493	3559	6
GO:0044187	3560	6
GO:0044172	3561	6
GO:0044190	3562	6
GO:0033650	3563	6
GO:0062244	3564	6
GO:0044159	3565	6
GO:0120149	3567	6
GO:0046809	3570	6
GO:0039721	3571	6
GO:0039720	3572	6
GO:0039716	3573	6
GO:0039718	3574	6
GO:0039717	3575	6
GO:0072517	3576	6
GO:0039719	3577	6
GO:0044185	3578	6
GO:0039662	3580	6
GO:0033654	3581	6
GO:0044169	3582	6
GO:0044171	3583	6
GO:0044192	3584	6
GO:0044193	3585	6
GO:0044202	3586	6
GO:0044201	3587	6
GO:0098585	3589	6
GO:0097348	3590	6
GO:0099067	3591	6
GO:1905103	3595	6
GO:0097637	3596	6
GO:0071627	3597	6
GO:0031165	3598	6
GO:0071556	3599	6
GO:0071458	3600	6
GO:0031305	3601	6
GO:0031307	3602	6
GO:1990914	3605	6
GO:0097442	3618	6
GO:0150001	3620	6
GO:0044307	3622	6
GO:0071683	3624	6
GO:0120209	3625	6
GO:0120210	3626	6
GO:0044300	3627	6
GO:0044299	3628	6
GO:0044301	3629	6
GO:0042757	3631	6
GO:1990032	3632	6
GO:0044308	3633	6
GO:0097465	3634	6
GO:0035996	3635	6
GO:0012510	3637	6
GO:0060203	3638	6
GO:0012509	3640	6
GO:0060201	3641	6
GO:0012508	3642	6
GO:0012507	3643	6
GO:0070083	3644	6
GO:0036020	3645	6
GO:0098954	3648	6
GO:0055038	3649	6
GO:0035577	3651	6
GO:0031092	3653	6
GO:0042584	3654	6
GO:0070821	3655	6
GO:0002080	3656	6
GO:0035579	3657	6
GO:0101003	3658	6
GO:0031088	3660	6
GO:0042589	3661	6
GO:0014702	3662	6
GO:0014701	3663	6
GO:0033162	3667	6
GO:0042622	3668	6
GO:0020018	3669	6
GO:0098804	3670	6
GO:0031164	3675	6
GO:0002079	3677	6
GO:0044841	3678	6
GO:0106175	3679	6
GO:0033110	3680	6
GO:0002081	3681	6
GO:0009706	3683	6
GO:0009707	3684	6
GO:0033115	3685	6
GO:0009535	3686	6
GO:0042650	3687	6
GO:0031900	3688	6
GO:0031899	3689	6
GO:0036012	3690	6
GO:0033098	3691	6
GO:0036013	3692	6
GO:0035997	3693	6
GO:0098839	3694	6
GO:0099164	3695	6
GO:0098526	3697	6
GO:0098525	3698	6
GO:0150053	3699	6
GO:0150048	3700	6
GO:0106033	3701	6
GO:0097471	3702	6
GO:0061689	3703	6
GO:0005917	3706	6
GO:0036057	3707	6
GO:0009550	3708	6
GO:0009551	3709	6
GO:0005914	3710	6
GO:0014704	3712	6
GO:0044286	3713	6
GO:0035454	3714	6
GO:0098998	3715	6
GO:0099005	3716	6
GO:0098894	3717	6
GO:0098891	3718	6
GO:0098893	3720	6
GO:0106174	3721	6
GO:0034467	3722	6
GO:0034422	3723	6
GO:0106172	3724	6
GO:0106173	3725	6
GO:1904856	3726	6
GO:0061201	3727	6
GO:0070931	3728	6
GO:0060202	3729	6
GO:0060204	3731	6
GO:0098899	3732	6
GO:0034592	3734	6
GO:0034493	3735	6
GO:0070082	3736	6
GO:0048237	3737	6
GO:0099020	3738	6
GO:0099021	3739	6
GO:0048238	3740	6
GO:0005758	3742	6
GO:0005641	3744	6
GO:0034423	3745	6
GO:0035578	3747	6
GO:0000328	3748	6
GO:0120282	3749	6
GO:0034469	3752	6
GO:0098564	3753	6
GO:0106176	3754	6
GO:0031905	3756	6
GO:0036021	3757	6
GO:0034777	3759	6
GO:0071546	3760	6
GO:0071547	3761	6
GO:0001520	3762	6
GO:0097513	3766	6
GO:0017146	3767	6
GO:0032983	3768	6
GO:0032281	3769	6
GO:0017071	3771	6
GO:0110067	3773	6
GO:0090534	3775	6
GO:0031004	3776	6
GO:0038039	3779	6
GO:0038038	3780	6
GO:1903143	3781	6
GO:1990406	3783	6
GO:1990061	3784	6
GO:0030933	3785	6
GO:0030932	3786	6
GO:0002186	3787	6
GO:0009336	3788	6
GO:1990133	3789	6
GO:0097076	3790	6
GO:0009365	3792	6
GO:0110115	3793	6
GO:1990360	3794	6
GO:0099125	3795	6
GO:1990361	3796	6
GO:0043528	3797	6
GO:0031515	3798	6
GO:0106143	3799	6
GO:0110158	3800	6
GO:0071009	3801	6
GO:0046540	3802	6
GO:0036436	3803	6
GO:0036437	3804	6
GO:1990612	3805	6
GO:0036410	3806	6
GO:1990468	3807	6
GO:1990467	3808	6
GO:1990566	3810	6
GO:1990374	3811	6
GO:0046610	3812	6
GO:0046612	3813	6
GO:0030128	3814	6
GO:0030129	3815	6
GO:0030130	3816	6
GO:0046611	3817	6
GO:0000344	3818	6
GO:0000343	3819	6
GO:0031464	3821	6
GO:0097668	3822	6
GO:0097674	3823	6
GO:0097665	3824	6
GO:0097664	3825	6
GO:0097661	3826	6
GO:0097660	3827	6
GO:0097670	3828	6
GO:0097667	3829	6
GO:0097666	3830	6
GO:0097669	3831	6
GO:0097673	3832	6
GO:0097672	3833	6
GO:0097671	3834	6
GO:0097662	3835	6
GO:0097663	3836	6
GO:0097675	3837	6
GO:0034363	3838	6
GO:0034361	3839	6
GO:0034366	3840	6
GO:0034365	3841	6
GO:0034360	3842	6
GO:0034359	3843	6
GO:0000806	3846	7
GO:0000804	3847	7
GO:0001741	3849	7
GO:0098579	3850	7
GO:0000807	3851	7
GO:0098577	3852	7
GO:0042648	3853	7
GO:0001740	3854	7
GO:0000794	3855	7
GO:0097512	3856	7
GO:0098723	3857	7
GO:0099160	3858	7
GO:0099182	3859	7
GO:0060053	3860	7
GO:0150050	3863	7
GO:0099143	3868	7
GO:0099189	3870	7
GO:0030981	3873	7
GO:0005761	3875	7
GO:0031986	3876	7
GO:0009545	3877	7
GO:0010282	3878	7
GO:0000324	3879	7
GO:0106123	3881	7
GO:0000327	3882	7
GO:0000326	3883	7
GO:0042807	3884	7
GO:0044753	3885	7
GO:0044754	3886	7
GO:0097547	3889	7
GO:0097721	3890	7
GO:0033095	3891	7
GO:1990006	3893	7
GO:0043702	3895	7
GO:0033675	3896	7
GO:0045009	3897	7
GO:0044310	3898	7
GO:0062247	3900	7
GO:0033117	3901	7
GO:0044840	3902	7
GO:0099073	3903	7
GO:0033107	3906	7
GO:0120002	3908	7
GO:0097487	3909	7
GO:0097598	3910	7
GO:0020026	3911	7
GO:0019820	3912	7
GO:0019819	3913	7
GO:0019821	3914	7
GO:0019823	3915	7
GO:0019822	3916	7
GO:0042580	3917	7
GO:0020015	3918	7
GO:0019824	3919	7
GO:0009514	3920	7
GO:0001940	3921	7
GO:0001939	3922	7
GO:0043082	3923	7
GO:0043079	3924	7
GO:0043078	3925	7
GO:0001673	3927	7
GO:0098875	3928	7
GO:0036126	3929	7
GO:0097558	3930	7
GO:0097561	3931	7
GO:0097555	3932	7
GO:0097554	3933	7
GO:0097557	3934	7
GO:0097608	3935	7
GO:0097559	3936	7
GO:0097556	3937	7
GO:0097560	3938	7
GO:0097609	3939	7
GO:0061846	3940	7
GO:0042025	3941	7
GO:0120148	3942	7
GO:0043663	3943	7
GO:0098584	3946	7
GO:0044170	3947	7
GO:0044168	3948	7
GO:0062245	3949	7
GO:0062243	3950	7
GO:0099062	3951	7
GO:0099063	3952	7
GO:0031357	3953	7
GO:0031359	3954	7
GO:0099057	3955	7
GO:0099059	3956	7
GO:0099058	3958	7
GO:0099027	3959	7
GO:0099029	3960	7
GO:0099028	3961	7
GO:0097451	3965	7
GO:0150014	3966	7
GO:0150016	3967	7
GO:0150015	3968	7
GO:0150017	3969	7
GO:0097457	3970	7
GO:0030672	3971	7
GO:0098896	3972	7
GO:0032585	3973	7
GO:0098944	3974	7
GO:0099012	3975	7
GO:0097233	3976	7
GO:0097234	3977	7
GO:0070114	3978	7
GO:0030671	3979	7
GO:0036186	3980	7
GO:0061474	3981	7
GO:0061202	3982	7
GO:0032586	3983	7
GO:0000329	3985	7
GO:0120281	3986	7
GO:1904930	3987	7
GO:0046861	3988	7
GO:0046860	3989	7
GO:0070113	3990	7
GO:0005919	3991	7
GO:0005920	3992	7
GO:0044647	3993	7
GO:0044288	3994	7
GO:0099168	3995	7
GO:0099147	3996	7
GO:0031093	3997	7
GO:0034466	3998	7
GO:0031089	3999	7
GO:0035580	4001	7
GO:0043160	4002	7
GO:0062246	4003	7
GO:0014804	4004	7
GO:0014803	4005	7
GO:0031973	4006	7
GO:0036014	4007	7
GO:0031972	4008	7
GO:0034495	4009	7
GO:0031908	4010	7
GO:0034468	4011	7
GO:0062113	4012	7
GO:0097486	4013	7
GO:1903145	4014	7
GO:1903144	4015	7
GO:0005638	4016	7
GO:0097426	4017	7
GO:0005883	4018	7
GO:0045095	4019	7
GO:0045098	4020	7
GO:0033289	4021	7
GO:1905759	4022	7
GO:0020025	4023	7
GO:1901588	4024	7
GO:0005880	4026	7
GO:0062157	4028	7
GO:0071752	4029	7
GO:0150056	4030	7
GO:0150058	4031	7
GO:0150057	4032	7
GO:0016533	4033	7
GO:0120157	4034	7
GO:1990316	4035	7
GO:1990722	4037	7
GO:0005964	4038	7
GO:0008385	4039	7
GO:1990317	4040	7
GO:0022629	4042	7
GO:0022628	4043	7
GO:0062140	4044	8
GO:0032168	4045	8
GO:0032172	4046	8
GO:0032170	4047	8
GO:0032175	4048	8
GO:0032164	4049	8
GO:0032171	4050	8
GO:0032165	4051	8
GO:0032166	4052	8
GO:0098938	4054	8
GO:1990357	4055	8
GO:0043253	4056	8
GO:0043246	4057	8
GO:0044194	4060	8
GO:0042629	4061	8
GO:0036019	4062	8
GO:0030140	4063	8
GO:0098830	4070	8
GO:0097443	4071	8
GO:0042470	4074	8
GO:0043701	4075	8
GO:0043699	4076	8
GO:0043700	4077	8
GO:0043698	4078	8
GO:0030134	4080	8
GO:1990008	4081	8
GO:0070081	4085	8
GO:0030143	4086	8
GO:0060200	4087	8
GO:0030142	4088	8
GO:1990257	4089	8
GO:0060199	4090	8
GO:0042585	4091	8
GO:0072494	4093	8
GO:0099061	4094	8
GO:0099167	4095	8
GO:0099031	4096	8
GO:0099169	4097	8
GO:0101004	4098	8
GO:0099013	4099	8
GO:0097130	4106	8
GO:0002945	4107	8
GO:0097133	4108	8
GO:0097127	4109	8
GO:0097131	4110	8
GO:0000308	4111	8
GO:0097126	4112	8
GO:0002944	4113	8
GO:0097128	4114	8
GO:0097124	4115	8
GO:0097135	4116	8
GO:0097123	4117	8
GO:0097132	4118	8
GO:0097121	4119	8
GO:1990860	4120	8
GO:0097129	4121	8
GO:0097122	4122	8
GO:0097125	4123	8
GO:0097134	4124	8
GO:0031387	4125	8
GO:0033255	4126	8
GO:0098986	4127	9
GO:0042582	4129	9
GO:0101002	4130	9
GO:0060473	4131	9
GO:0042583	4133	9
GO:0032593	4134	9
GO:0098594	4135	9
GO:0031091	4136	9
GO:0042827	4137	9
GO:0042581	4138	9
GO:0070820	4139	9
GO:0036000	4140	9
GO:0001669	4142	9
GO:0042588	4143	9
GO:0033093	4144	9
GO:0070381	4146	9
GO:0070319	4147	9
GO:0098832	4148	9
GO:0090654	4149	9
GO:0090653	4150	9
GO:0098837	4151	9
GO:0005771	4152	9
GO:0098842	4153	9
GO:0044353	4154	9
GO:0044354	4155	9
GO:1990457	4157	9
GO:0032009	4158	9
GO:0045336	4159	9
GO:1990720	4161	9
GO:0097650	4162	9
GO:0097649	4163	9
GO:1990719	4164	9
GO:1990574	4165	9
GO:0061673	4166	9
GO:0010005	4167	9
GO:1990941	4168	9
GO:1990537	4169	9
GO:0020020	4170	10
GO:0097208	4171	10
GO:1990503	4172	10
GO:0097209	4173	10
GO:0098992	4174	10
GO:1990474	4175	10
GO:1990475	4176	10
GO:1990476	4177	10
GO:0061200	4178	10
GO:0070111	4179	10
