Protein	Term
Q8N3I7	GO:0061629
A6NMX2	GO:0003743
Q5SY68	GO:0005509
Q5JNZ3	GO:0000978
O60858	GO:0061630
Q5TC63	GO:0005096
Q5D1E8	GO:0004843
P02778	GO:0008009
Q96RI1	GO:0001228
Q96RI1	GO:0000978
Q9C0F1	GO:0008017
Q96AX2	GO:0005525
Q96AX2	GO:0003924
O00482	GO:0000978
Q9Y2E6	GO:0061630
Q9P2M4	GO:0005096
P56975	GO:0030971
P56975	GO:0008083
Q13398	GO:0000978
P01308	GO:0002020
P01308	GO:0005179
O00567	GO:0045296
Q16769	GO:0008270
Q92769	GO:0042826
Q92769	GO:0061629
O15496	GO:0005509
P62487	GO:0003697
P49356	GO:0008270
Q9H306	GO:0004222
Q96T51	GO:0017124
Q96I24	GO:0003697
P30926	GO:0005231
P30926	GO:1904315
P08246	GO:0002020
P08246	GO:0004252
Q99928	GO:0005254
Q99928	GO:0005231
Q99928	GO:1904315
P30953	GO:0004984
O43291	GO:0004867
Q9H1E3	GO:0003697
O00175	GO:0008009
P0CG23	GO:0000978
P62495	GO:0043022
P05305	GO:0005179
A0A0B4J1U7	GO:0034987
Q14807	GO:0016887
Q14807	GO:0008017
P36915	GO:0005525
P36915	GO:0003924
P34903	GO:0005254
P34903	GO:0005231
P34903	GO:1904315
P30305	GO:0004725
A8MV72	GO:0005509
P26583	GO:0003684
Q86U90	GO:0000049
Q15814	GO:0003924
Q9BSK4	GO:1990756
P05771	GO:0004674
Q9H7E2	GO:0035064
O14967	GO:0005509
A6NCE7	GO:0031625
A6NCE7	GO:0008017
P35236	GO:0004725
P22304	GO:0005509
P29466	GO:0004197
P53365	GO:0045296
P53365	GO:0005525
P53365	GO:0031267
P38646	GO:0031625
P38646	GO:0016887
P38646	GO:0005524
P28358	GO:0000978
P61221	GO:0005524
Q14449	GO:0030971
Q8IWR1	GO:0061630
Q9UID6	GO:0001228
Q9UID6	GO:0000978
P29401	GO:0005509
Q86UE8	GO:0004674
Q86UE8	GO:0005524
P03886	GO:0008137
Q8TDU9	GO:0008528
P0DMV8	GO:0042826
P0DMV8	GO:0031625
P0DMV8	GO:0005524
P0DMV8	GO:0016887
P0DMV8	GO:0045296
P32456	GO:0005525
P32456	GO:0003924
P62166	GO:0005509
Q6ZSB9	GO:0001227
Q6ZSB9	GO:0000978
Q9Y3P4	GO:0004252
Q96M96	GO:0005085
Q86V86	GO:0004674
Q8NGI6	GO:0004984
O60291	GO:0061630
P50225	GO:0008146
Q8WXK4	GO:0061630
Q9ULP9	GO:0005096
P22061	GO:0045296
Q9HBF4	GO:0008270
O43889	GO:0001228
O43889	GO:0000978
Q6NSW5	GO:0005085
Q6NSW5	GO:0031267
P16471	GO:0004896
Q9NQB0	GO:0000978
Q9NQB0	GO:0061629
Q5TG30	GO:0005096
Q8N9I9	GO:0061630
Q14117	GO:0008270
Q96N22	GO:0000978
P02745	GO:0001540
Q96K58	GO:0001228
Q96K58	GO:0000978
Q14584	GO:0001227
Q8IV63	GO:0004674
Q8IV63	GO:0019903
Q8NC42	GO:0061630
B6A8C7	GO:0034987
Q9GZS9	GO:0008146
Q9H3Q1	GO:0031267
O75449	GO:0008017
O75449	GO:0046982
O15178	GO:0000978
O15178	GO:0061629
Q2L4Q9	GO:0004252
O14628	GO:0008270
O14628	GO:0000978
A6NND4	GO:0004984
O60499	GO:0019905
P43699	GO:0000978
P43699	GO:0061629
O60664	GO:0045296
P36955	GO:0004867
Q9H2A9	GO:0008146
Q13190	GO:0045296
O75381	GO:0008017
P51793	GO:0005254
P00746	GO:0004252
Q96BY2	GO:0031625
P04216	GO:0005096
P56537	GO:0043022
Q9GZN4	GO:0004252
Q9HBT8	GO:0000978
P47900	GO:0005524
Q9NRS4	GO:0004252
P09086	GO:0000978
O75821	GO:0003743
O75635	GO:0004867
Q9UBE0	GO:0046982
P01850	GO:0034987
Q06945	GO:0001228
Q06945	GO:0000978
Q9UGC6	GO:0003924
Q8WWB5	GO:0031267
Q71RC2	GO:0003730
O15123	GO:0030971
Q8NHH9	GO:0005525
Q8NHH9	GO:0003924
Q96BM9	GO:0005525
Q96BM9	GO:0003924
Q9BV40	GO:0019905
P13056	GO:0000978
Q9H8M7	GO:0004843
A4D1S5	GO:0003924
P01106	GO:0001227
P01106	GO:0001228
P01106	GO:0000978
Q5T619	GO:0000978
Q9H6H4	GO:0008017
Q86SS6	GO:0005509
Q86SS6	GO:0019905
Q86SS6	GO:0005544
Q96HU8	GO:0005525
Q96HU8	GO:0003924
P20800	GO:0005179
P36873	GO:0004722
Q9Y473	GO:0001227
Q9Y473	GO:0001228
Q9Y473	GO:0000978
P01135	GO:0008083
Q06830	GO:0045296
P10909	GO:0031625
P10909	GO:0016887
P10909	GO:0001540
Q6ZS11	GO:0005085
Q6ZS11	GO:0031267
P05111	GO:0005179
P05111	GO:0008083
Q6UX46	GO:0030971
P20794	GO:0004674
O75380	GO:0008137
Q9UNL4	GO:0035064
P48729	GO:0004674
O00287	GO:0001228
O15541	GO:0061630
Q99081	GO:0001228
Q99081	GO:0000978
Q9Y543	GO:0000978
Q86WV1	GO:0017124
Q86WV1	GO:0019903
Q9NU63	GO:0001227
Q6PIU1	GO:0005249
Q02447	GO:0000978
Q02447	GO:0061629
Q9NYG5	GO:0061630
P86791	GO:0005085
P04264	GO:0046982
Q9UK41	GO:0043130
P08861	GO:0004252
Q96BR1	GO:0004674
Q8WV44	GO:0061630
Q9NXR1	GO:0008017
Q9P1Z3	GO:0005249
P35080	GO:0005546
P35080	GO:0016887
Q16548	GO:0046982
P37023	GO:0004674
P37023	GO:0005524
O15379	GO:0042826
P10145	GO:0008009
P20138	GO:0019903
O14530	GO:0045296
Q8TE67	GO:0005085
O95057	GO:0005525
O95057	GO:0003924
Q8NG99	GO:0004984
O60749	GO:0046982
O60749	GO:0045296
O00626	GO:0008009
Q5TA31	GO:0061630
P47756	GO:0045296
Q6ZSG1	GO:0061630
P55040	GO:0005525
P55040	GO:0003924
Q86UU5	GO:0031625
Q9Y3Y4	GO:0035064
P61026	GO:0005525
P61026	GO:0003924
P06702	GO:0005509
P06702	GO:0008017
P06702	GO:0008270
P42681	GO:0004713
P01834	GO:0034987
P09238	GO:0004222
P09238	GO:0004252
P52926	GO:0061629
Q8WY07	GO:0015171
Q13501	GO:0031625
Q13501	GO:0004674
Q13501	GO:0030971
Q13501	GO:0043130
P62312	GO:0046982
Q9UIW0	GO:0000978
Q02297	GO:0030971
Q02297	GO:0008083
P13501	GO:0008009
Q9H343	GO:0004984
Q9UIA0	GO:0005085
Q53QZ3	GO:0005096
P01236	GO:0005179
Q8N7C0	GO:0005249
Q8IWU4	GO:0008270
Q9HCC6	GO:0000978
Q9UBS0	GO:0004674
P78371	GO:0031625
Q8NEY3	GO:0008017
Q969F2	GO:0031625
P35222	GO:0061629
P35222	GO:0019903
P35222	GO:0045296
O76093	GO:0008083
P56704	GO:0005109
P01859	GO:0034987
Q8IYB8	GO:0003725
Q14938	GO:0000978
A0A0G2JMH3	GO:0005525
Q05682	GO:0045296
Q9H300	GO:0004252
Q14653	GO:0001228
Q14653	GO:0000978
Q9UJT0	GO:0005525
Q15822	GO:0005231
Q15822	GO:1904315
P57058	GO:0004674
Q8IV04	GO:0005096
Q53H47	GO:0003697
Q04741	GO:0000978
P49427	GO:0061631
P01270	GO:0005179
P28906	GO:0061629
Q8TAT5	GO:0003697
Q99607	GO:0001228
Q99607	GO:0000978
Q9BYZ6	GO:0005525
Q9BYZ6	GO:0003924
A1A4Y4	GO:0003924
Q9Y217	GO:0004722
Q9Y217	GO:0004725
Q96NK8	GO:0000978
O15062	GO:0001227
O15062	GO:0000978
Q99497	GO:0045296
Q99497	GO:0003697
Q99497	GO:0005507
P35612	GO:0046982
P22307	GO:0015485
P62714	GO:0004722
Q8WU90	GO:0045296
Q9UN79	GO:0001227
Q9UN79	GO:0000978
Q6P996	GO:0045296
Q8TAE7	GO:0005249
O43365	GO:0000978
Q9NRH3	GO:0005525
O60548	GO:0001228
O60548	GO:0000978
Q9BSY9	GO:0004843
P78415	GO:0000978
Q9NU39	GO:0000978
Q5T6F0	GO:1990756
P31641	GO:0015171
O95863	GO:0001227
O95863	GO:0000978
Q9C009	GO:0000978
Q6UXH8	GO:0002020
Q9Y2W7	GO:0001227
Q9Y2W7	GO:0000978
Q5JVG8	GO:0000978
P49137	GO:0004674
Q96CN4	GO:0005096
Q96CN4	GO:0031267
P17538	GO:0004252
Q8NI51	GO:0001228
Q8NI51	GO:0000978
Q08J23	GO:0000049
Q8NEP9	GO:0001227
P09683	GO:0005179
Q7KZI7	GO:0004674
Q7KZI7	GO:0005524
Q7KZI7	GO:0045296
Q6P280	GO:0001227
Q8NGZ2	GO:0004984
Q96FW1	GO:0031625
Q96FW1	GO:0004843
Q96FW1	GO:0043130
Q99941	GO:0001228
Q99941	GO:0000978
Q8TAI7	GO:0005525
Q8TAI7	GO:0003924
Q9UBF6	GO:0061630
Q9UBF6	GO:0005507
Q6VVB1	GO:0061630
A8K0Z3	GO:0031625
Q641Q3	GO:0005179
Q0VGE8	GO:0000978
O95793	GO:0003725
P05155	GO:0004867
Q96RA2	GO:0004984
Q5TC79	GO:0001227
Q5TC79	GO:0000978
A0A0C4DH29	GO:0034987
Q9H0F5	GO:0061630
P81277	GO:0005179
P35453	GO:0001228
P35453	GO:0000978
Q9BZJ3	GO:0004252
P09467	GO:0061629
Q8NFG4	GO:0005096
Q5R387	GO:0005509
Q9H4P4	GO:0061630
Q9H4P4	GO:0031267
Q9H4P4	GO:0030971
Q6UW88	GO:0008083
P61964	GO:0035064
Q9BU19	GO:0001227
Q9BU19	GO:0000978
Q13148	GO:0003730
O95391	GO:0008270
P49711	GO:0001227
P49711	GO:0008270
P49711	GO:0000978
Q96C19	GO:0005509
Q96C19	GO:0045296
P60510	GO:0004722
Q9NQX6	GO:0008270
Q9NQX6	GO:0000978
P49795	GO:0003924
P06746	GO:0008017
P30825	GO:0015171
Q96KK4	GO:0004984
B4DX44	GO:0000978
P22415	GO:0000978
P22415	GO:0042826
P22415	GO:0046982
P62330	GO:0005525
P62330	GO:0003924
E9PGG2	GO:0000978
O43819	GO:0005507
Q9NUQ8	GO:0045296
Q9NUQ8	GO:0005524
P50542	GO:0031267
P26374	GO:0031267
Q13618	GO:0031625
Q13618	GO:0061630
P15814	GO:0034987
P41214	GO:0003743
P52943	GO:0008270
P60763	GO:0005525
P60763	GO:0003924
P02511	GO:0001540
P62875	GO:0008270
O75127	GO:0000049
Q52M93	GO:0001228
Q52M93	GO:0000978
Q7LDG7	GO:0005509
Q7LDG7	GO:0005085
Q92870	GO:0001540
O60422	GO:0000978
O00743	GO:0004722
Q15843	GO:0031625
P29459	GO:0046982
P29459	GO:0008083
P15692	GO:0008083
Q96LR5	GO:0061631
P80511	GO:0005509
P80511	GO:0008270
P80511	GO:0005507
Q8NF99	GO:0000978
Q96EH8	GO:0061630
Q9BQ15	GO:0003697
P16871	GO:0004896
Q96S21	GO:0003924
O60729	GO:0004722
O60729	GO:0004725
Q96DZ5	GO:0008017
P54727	GO:0003697
P54727	GO:0043130
Q969Q4	GO:0005525
Q9Y6W5	GO:0017124
Q9Y6W5	GO:0045296
P09630	GO:0000978
Q9H0W9	GO:0008270
Q9P0K8	GO:0001228
Q9P0K8	GO:0000978
Q5TGS1	GO:0000978
P25791	GO:0061629
P18847	GO:0001227
P18847	GO:0000978
P18847	GO:0046982
P18847	GO:0001228
Q8NF86	GO:0004252
P49910	GO:0000978
A6NDL8	GO:0004984
Q16795	GO:0008137
Q6ZWJ1	GO:0019905
O75477	GO:0015485
Q86W11	GO:0000978
Q6XPS3	GO:0004725
Q13325	GO:0000049
P21291	GO:0008270
P78411	GO:0000978
O15296	GO:0005509
Q13347	GO:0003743
P07205	GO:0005524
Q96L12	GO:0005509
Q9H6R0	GO:0003725
Q16611	GO:0046982
P31151	GO:0005509
P31151	GO:0008270
Q5JS13	GO:0005085
Q9Y616	GO:0004674
Q9Y616	GO:0005524
Q9Y616	GO:0046982
Q8NGC2	GO:0004984
Q16186	GO:0002020
Q16186	GO:0043130
P13500	GO:0008009
Q99612	GO:0001228
Q99612	GO:0000978
P0CB33	GO:0000978
Q9HB21	GO:0030165
Q8N442	GO:0043022
P41182	GO:0001227
P41182	GO:0000978
Q99661	GO:0016887
Q99661	GO:0008017
Q7L0Q8	GO:0005525
Q7L0Q8	GO:0005085
Q7L0Q8	GO:0003924
P12931	GO:0045296
P12931	GO:0004713
O15444	GO:0005179
O15444	GO:0008009
Q8N187	GO:0001228
Q8N187	GO:0000978
Q14814	GO:0000978
Q14814	GO:0042826
Q14814	GO:0061629
Q9UL17	GO:0001227
Q9UL17	GO:0000978
Q96S37	GO:0030165
O00762	GO:0061630
O00762	GO:0061631
Q86YI8	GO:0035064
Q16828	GO:0004725
O00429	GO:0031625
O00429	GO:0008017
O00429	GO:0031267
O00429	GO:0005096
O00429	GO:0003924
A8MUZ8	GO:0001227
A6NJG6	GO:0000978
P56556	GO:0008137
Q8WXF7	GO:0005525
Q8WXF7	GO:0003924
Q9HBE1	GO:0001227
Q9HBE1	GO:0000978
Q9HBE1	GO:0031625
P02768	GO:0008270
P02768	GO:0005507
P63215	GO:0003924
Q8TE68	GO:0045296
Q8TE68	GO:0005085
P78413	GO:0000978
Q8TBC4	GO:0046982
Q96BS2	GO:0005509
Q9NRW4	GO:0004725
O95837	GO:0005525
O95837	GO:0003924
P20337	GO:0003924
Q9HD90	GO:0000978
Q86V40	GO:0004222
Q8NGC4	GO:0004984
Q15406	GO:0000978
Q9H4E5	GO:0005525
Q9H4E5	GO:0003924
Q8WZA6	GO:0004984
Q96R09	GO:0004984
Q6HA08	GO:0004222
P47224	GO:0008270
P47224	GO:0005085
A0A0G2JMI3	GO:0034987
Q96N38	GO:0000978
Q8N693	GO:0001227
Q9H0Z9	GO:0003730
Q12904	GO:0000049
O75467	GO:0000978
O95716	GO:0003924
Q9GZR2	GO:0003697
P0DML2	GO:0005179
P0DML2	GO:0008083
Q9BXM7	GO:0031625
Q9BXM7	GO:0004674
Q9BXM7	GO:0005524
Q9BXM7	GO:0002020
Q99583	GO:0001227
Q99583	GO:0000978
Q15329	GO:0000978
Q96KB5	GO:0004674
Q9H0I2	GO:0008017
Q05513	GO:0004674
Q8NGM8	GO:0004984
Q92934	GO:0019903
P01112	GO:0005525
P01112	GO:0003924
P48595	GO:0004867
Q6IQ21	GO:0001228
Q6IQ21	GO:0000978
P54136	GO:0045296
P32970	GO:0002020
Q8IVP9	GO:0000978
Q8WUU4	GO:0000978
O43181	GO:0008137
P37231	GO:0001227
P37231	GO:0008270
P37231	GO:0000978
Q9H2K0	GO:0043022
Q9H2K0	GO:0003743
Q9P1Z2	GO:0000978
P52945	GO:0000978
Q15699	GO:0001228
O95267	GO:0005509
O95267	GO:0008270
O95267	GO:0005085
P11474	GO:0000978
Q96AG4	GO:0045296
P04271	GO:0005509
Q9Y3Z3	GO:0008270
Q9Y3Z3	GO:0003697
O00744	GO:0005109
Q9HCU5	GO:0005096
Q9HCU5	GO:0005085
Q8NCA9	GO:0001228
Q8NCA9	GO:0000978
A0PJY2	GO:0000978
Q9Y6G9	GO:0005525
A6NI15	GO:0000978
O95319	GO:0003730
Q15019	GO:0045296
Q15019	GO:0003924
P08138	GO:0031625
P08138	GO:0001540
Q9NUN7	GO:0005509
Q9NUN7	GO:0008270
A6NHM9	GO:0005507
Q8WYJ6	GO:0003924
O00463	GO:0031625
Q16643	GO:0045296
Q2M3X9	GO:0001227
P68032	GO:0005524
Q00613	GO:0001227
Q00613	GO:0001228
Q00613	GO:0000978
Q00613	GO:0046982
Q9Y2X7	GO:0005096
Q9Y2X7	GO:0031267
O43602	GO:0008017
Q9Y222	GO:0000978
P01876	GO:0034987
Q9NYS0	GO:0003924
P08294	GO:0005507
Q9Y5L4	GO:0008270
P23469	GO:0004725
Q8IYS0	GO:0015485
Q05925	GO:0001227
Q05925	GO:0000978
Q6UWK7	GO:0008009
Q8TC26	GO:0008270
Q6UXV0	GO:0030971
P36406	GO:0005525
P36406	GO:0003924
P52655	GO:0046982
Q9H668	GO:0003697
Q9Y2Y4	GO:0001227
Q9Y2Y4	GO:0000978
Q04323	GO:0031625
Q04323	GO:0043130
Q96CP6	GO:0015485
Q9HAQ2	GO:0016887
Q9HAQ2	GO:0008017
Q9H5U6	GO:0008270
Q8NGE9	GO:0004984
Q9NR83	GO:0000978
P05230	GO:0008083
Q7Z3V5	GO:0000978
Q9UHI5	GO:0015171
A0A1B0GWK0	GO:0005509
Q9UKI8	GO:0004674
Q9UKI8	GO:0005524
Q8NHY2	GO:0061630
P14317	GO:0061629
Q9UJV3	GO:0008017
A2RUC4	GO:0000049
O00712	GO:0001228
O00712	GO:0000978
Q9BV68	GO:0061630
Q6V9R5	GO:0000978
Q07817	GO:0046982
Q13467	GO:0031625
Q13467	GO:0001540
P49207	GO:0045296
Q99543	GO:0043022
Q7RTZ1	GO:0004252
Q9P246	GO:0005509
P47211	GO:0008528
Q9NX65	GO:0000978
P10114	GO:0005525
P10114	GO:0003924
Q9H3M7	GO:0031625
P01160	GO:0005179
P03973	GO:0004867
P61244	GO:0001227
Q8N883	GO:0001227
Q96BZ9	GO:0005096
Q96BZ9	GO:0031267
Q13401	GO:0016887
Q9NPD8	GO:0031625
Q9NPD8	GO:0061631
O43734	GO:0061630
Q14872	GO:0001228
Q14872	GO:0000978
Q9NYJ8	GO:0008270
Q9BPZ7	GO:0005546
Q9BPZ7	GO:0031267
Q86VS8	GO:0008017
Q13310	GO:0003730
O75688	GO:0004722
H0YL14	GO:0003924
Q9HCE7	GO:0061630
O14764	GO:0005254
O14764	GO:0005231
O14764	GO:1904315
Q86YW7	GO:0046982
Q15418	GO:0004674
P18850	GO:0001228
P18850	GO:0000978
P18850	GO:0046982
Q9BY78	GO:0008270
Q9BY78	GO:0061630
P60880	GO:0019905
Q9NRY6	GO:0005509
Q99727	GO:0002020
O43736	GO:0001540
Q9NPF2	GO:0008146
Q8NGF3	GO:0004984
Q16627	GO:0008009
P56962	GO:0019903
O60443	GO:0005546
Q03938	GO:0008270
Q03938	GO:0000978
Q6P3W2	GO:0008270
Q6UWB1	GO:0004896
Q5JSP0	GO:0005085
Q8IXE1	GO:0004984
Q13569	GO:0005524
Q13569	GO:0003684
P55010	GO:0045296
P55010	GO:0003743
Q96M94	GO:1990756
P56178	GO:0000978
Q9H1P3	GO:0005546
Q9H1P3	GO:0015485
O43193	GO:0008528
A6NIN4	GO:0061630
Q6QN14	GO:0004197
Q6QN14	GO:0004843
Q9BWV3	GO:0008270
Q8NHV1	GO:0005525
Q8NHV1	GO:0003924
Q4G0M1	GO:0005179
P83916	GO:0035064
P51786	GO:0000978
O95672	GO:0004222
P49640	GO:0000978
Q9H707	GO:0000978
O96013	GO:0004674
P31269	GO:0000978
P41225	GO:0000978
P01189	GO:0005179
P35241	GO:0045296
P10914	GO:0001228
P10914	GO:0000978
O60603	GO:0001540
Q8NGX6	GO:0004984
P52742	GO:0000978
Q9H974	GO:0046982
Q9UNH5	GO:0004722
Q9UNH5	GO:0004725
Q96NG8	GO:0001227
O60883	GO:0008528
P01583	GO:0005507
Q9UC07	GO:0001227
Q9Y496	GO:0016887
Q9Y496	GO:0008017
Q9Y496	GO:0019903
Q9Y496	GO:0031267
P00973	GO:0003725
P00973	GO:0005524
P51787	GO:0005546
P51787	GO:0005249
Q99439	GO:0045296
Q8N0X7	GO:0031625
Q86XU0	GO:0000978
Q96L34	GO:0004674
Q96L34	GO:0008017
Q96L34	GO:0005524
Q96L34	GO:0043130
Q9UJY4	GO:0031267
P19957	GO:0004867
P61011	GO:0005525
P61011	GO:0003924
Q6P9A1	GO:0000978
P07510	GO:0005231
P07510	GO:1904315
Q9GZQ4	GO:0005525
P50539	GO:0001227
P50539	GO:0000978
P16401	GO:0042826
Q96JB3	GO:0001227
Q96JB3	GO:0000978
Q9ULB5	GO:0005509
Q9ULB5	GO:0045296
Q9NZL6	GO:0005085
P50552	GO:0017124
P50552	GO:0045296
Q16670	GO:0000978
Q99075	GO:0008083
P62826	GO:0005525
P62826	GO:0046982
P62826	GO:0045296
P62826	GO:0003924
Q14494	GO:0000978
P78314	GO:0017124
Q3KNW1	GO:0000978
Q9Y3L3	GO:0005096
A0A0A0MS15	GO:0034987
Q86UD7	GO:0005096
Q96TA1	GO:0045296
P15927	GO:0031625
P15927	GO:0019903
P15927	GO:0003697
P15927	GO:0003684
Q8N465	GO:0008270
Q6ZU15	GO:0003924
Q86Y01	GO:0031625
Q86Y01	GO:0061630
P34896	GO:0008270
Q9H461	GO:0030165
Q9H461	GO:0031625
P05981	GO:0004252
A0A0B4J1Y9	GO:0034987
P32241	GO:0008528
P33764	GO:0005509
P47736	GO:0005096
P47736	GO:0031267
P47736	GO:0003924
P32455	GO:0005525
P32455	GO:0003924
Q86TM6	GO:0061630
Q8TAU0	GO:0000978
Q6ZN57	GO:0000978
O60573	GO:0031625
O60573	GO:0003743
Q9Y5J7	GO:0008270
O60353	GO:0031625
O60353	GO:0001540
Q9NWT6	GO:0008270
Q9NX74	GO:0003725
P04083	GO:0005509
P04083	GO:0005544
A8MT65	GO:0001227
P03897	GO:0008137
O14625	GO:0008009
P23258	GO:0005525
Q9NRJ3	GO:0008009
P11488	GO:0003924
Q9BQ90	GO:1990756
O75444	GO:0000978
Q92546	GO:0005085
Q92546	GO:0031267
Q9BRK0	GO:0008017
Q9Y689	GO:0005525
O15234	GO:0031625
Q13145	GO:0005109
P52306	GO:0005085
Q9Y330	GO:0001227
Q9Y330	GO:0000978
Q86VE0	GO:0000978
Q9H596	GO:0004725
A0PJX0	GO:0005509
Q96NG5	GO:0001227
Q52WX2	GO:0004674
Q8N108	GO:0042826
O60739	GO:0003743
Q01201	GO:0000978
P51843	GO:0061629
Q96N95	GO:0000978
Q9P021	GO:0030165
Q9P021	GO:0008017
P09132	GO:0043022
P13051	GO:0003684
O43323	GO:0005509
O43323	GO:0008270
Q15691	GO:0045296
P19447	GO:0016887
P19447	GO:0003684
P01215	GO:0005179
A6NHL2	GO:0005525
O75569	GO:0003725
P14555	GO:0005509
Q6NVH7	GO:0016887
Q6NVH7	GO:0003697
Q9BVQ7	GO:0016887
Q7L0Y3	GO:0000049
Q9Y458	GO:0000978
Q86T96	GO:0061630
Q9UMQ3	GO:0001228
Q8TF45	GO:0000978
Q9Y6M1	GO:0003730
P51512	GO:0004222
P51512	GO:0008270
Q92481	GO:0001228
Q92481	GO:0000978
Q92481	GO:0046982
Q8NBW4	GO:0015171
Q9NTX7	GO:0061630
P16519	GO:0004252
O43524	GO:0001227
O43524	GO:0000978
P05154	GO:0002020
P05154	GO:0004867
P16083	GO:0008270
Q6AW86	GO:0000978
P17947	GO:0000978
P17947	GO:0061629
P42574	GO:0004197
P22004	GO:0046982
Q9UDV6	GO:0008270
Q9UDV6	GO:0000978
Q6PF06	GO:0000049
Q8NFH5	GO:0003697
Q15915	GO:0000978
Q92609	GO:0005096
P47890	GO:0004984
P10912	GO:0004896
Q9H2C5	GO:0004984
P23246	GO:0042826
Q5T0T0	GO:0061630
Q8TBC5	GO:0000978
P98177	GO:0001228
P98177	GO:0000978
Q13882	GO:0004713
Q15311	GO:0005096
Q15311	GO:0031267
P10827	GO:0000978
Q8NGI4	GO:0004984
P17036	GO:0001227
P17036	GO:0008270
Q9NP95	GO:0008083
Q9NZ52	GO:0031267
Q9NZ52	GO:0043130
O75914	GO:0004674
Q9H160	GO:0035064
Q7Z398	GO:0001227
O15354	GO:0031625
O15354	GO:0008528
Q14765	GO:0000978
Q9H0F7	GO:0005525
Q12778	GO:0031625
Q12778	GO:0001228
Q12778	GO:0000978
P00740	GO:0005509
P00740	GO:0004252
O75461	GO:0001227
O75461	GO:0000978
Q8TF50	GO:0000978
Q9HCU9	GO:0042826
P58012	GO:0000978
P10767	GO:0008083
P21781	GO:0008083
Q9HBH7	GO:0061629
P30291	GO:0004713
Q401N2	GO:0008270
Q401N2	GO:0005231
Q401N2	GO:1904315
Q09013	GO:0004674
Q09013	GO:0005524
O95372	GO:0045296
Q9NS91	GO:0031625
Q9NS91	GO:0003684
O00299	GO:0005254
O00299	GO:0045296
Q9C056	GO:0000978
Q9UK80	GO:0004843
Q9H040	GO:0004222
Q9H040	GO:0003697
Q9H040	GO:0043130
P51178	GO:0005546
Q9NSA2	GO:0005249
P62820	GO:0045296
P62820	GO:0003924
Q9H239	GO:0004222
A6NFA1	GO:0004222
Q02086	GO:0001227
Q02086	GO:0000978
Q02086	GO:0042826
Q96HQ0	GO:0000978
P10323	GO:0008270
P10323	GO:0002020
P10323	GO:0004252
P10323	GO:0005507
P05814	GO:0005509
P04183	GO:0008270
P49863	GO:0004252
Q9HAH1	GO:0001227
Q96LW4	GO:0008270
Q9UHV9	GO:0001540
P17027	GO:0000978
P13796	GO:0005509
Q8N427	GO:0008017
Q96D59	GO:0061630
O15547	GO:0005524
P78412	GO:0001228
P78412	GO:0000978
Q9NX47	GO:0061630
P01854	GO:0034987
Q8NGP0	GO:0004984
P08185	GO:0004867
Q15257	GO:0005524
Q6SA08	GO:0004674
Q6SA08	GO:0005524
P46060	GO:0005096
P46060	GO:0045296
P46060	GO:0031267
Q9UGI0	GO:0004843
Q9NS23	GO:0008270
Q9HCM9	GO:0061630
O75022	GO:0001540
Q6ZR52	GO:0001228
Q6ZR52	GO:0000978
O94888	GO:0031625
O94888	GO:0061629
O94888	GO:0043130
P61619	GO:0043022
Q96M02	GO:0008017
Q16621	GO:0000978
Q8N5V2	GO:0005085
Q9UBV4	GO:0005109
Q6AZW8	GO:0000978
A8MQ11	GO:0016887
P63098	GO:0005509
P15173	GO:0001228
P15173	GO:0000978
Q16539	GO:0004674
Q16539	GO:0019903
Q01813	GO:0045296
Q01813	GO:0005524
Q9UQQ1	GO:0005509
Q9UQQ1	GO:0008270
P42677	GO:0008270
P08133	GO:0005509
P08133	GO:0005525
P08133	GO:0015485
P08133	GO:0005544
P23297	GO:0005509
P68036	GO:0031625
P68036	GO:0061631
Q02930	GO:0000978
P01742	GO:0034987
Q93034	GO:0031625
O00139	GO:0016887
O00139	GO:0008017
P48730	GO:0004674
P48730	GO:0045296
P55211	GO:0017124
P55211	GO:0004197
P61278	GO:0005179
P17612	GO:0031625
P17612	GO:0004674
P39900	GO:0004222
P39900	GO:0005509
P39900	GO:0008270
P39900	GO:0004252
Q9HAZ1	GO:0004674
Q9HAZ1	GO:0004713
Q9Y2U5	GO:0004674
P98066	GO:0005509
P05060	GO:0005179
Q9NTG7	GO:0008270
Q6MZQ0	GO:0031625
Q8NH21	GO:0004984
Q9H1K0	GO:0008270
Q8WVZ7	GO:0061630
P02771	GO:0008270
Q8NH09	GO:0004984
P35398	GO:0000978
Q9NZQ0	GO:0003924
Q9H0F6	GO:0043130
Q6IFH4	GO:0004984
Q6PEW0	GO:0004252
Q5VTE6	GO:0003730
Q04756	GO:0004252
O95178	GO:0008137
Q15853	GO:0000978
Q15853	GO:0046982
Q9UKP6	GO:0008528
P10720	GO:0008009
Q14164	GO:0031625
Q14164	GO:0004674
O75936	GO:0008270
Q9Y463	GO:0004674
P31314	GO:0000978
Q9H209	GO:0004984
Q9HB90	GO:0005525
Q9HB90	GO:0046982
Q9HB90	GO:0003924
Q99592	GO:0001227
Q99592	GO:0000978
Q92843	GO:0046982
P27216	GO:0005509
P27216	GO:0005544
Q9Y5A6	GO:0001228
Q9Y5A6	GO:0000978
Q8WUA7	GO:0005096
P35244	GO:0003697
P35244	GO:0003684
Q5SXM1	GO:0000978
Q13177	GO:0004674
Q13177	GO:0031267
Q13177	GO:0045296
Q16829	GO:0004725
P12272	GO:0005179
P29372	GO:0003684
P11230	GO:0005231
P11230	GO:1904315
O75469	GO:0001228
O75469	GO:0000978
Q9HD40	GO:0000049
Q9P289	GO:0004674
Q9P289	GO:0005524
Q13670	GO:0016887
Q6PI48	GO:0005524
Q6PI48	GO:0000049
Q6ZMS4	GO:0000978
P12755	GO:0001227
P12755	GO:0008270
P12755	GO:0000978
P12755	GO:0031625
P49715	GO:0001228
P49715	GO:0000978
P49715	GO:0061629
Q9GZV9	GO:0008083
Q4VXU2	GO:0003730
P30411	GO:0002020
P30411	GO:0046982
Q99828	GO:0031267
Q99828	GO:0005509
P60059	GO:0043022
Q96GC6	GO:0000978
Q8NGC0	GO:0004984
P0DP07	GO:0034987
P17081	GO:0005525
P17081	GO:0003924
Q32M78	GO:0000978
P18507	GO:0005254
P18507	GO:0005231
P18507	GO:1904315
Q8TEY5	GO:0000978
Q92784	GO:0008270
P07339	GO:0004197
Q9NXR8	GO:0035064
P17030	GO:0001227
Q99624	GO:0015171
O14905	GO:0005109
Q9H093	GO:0004674
Q9H093	GO:0005524
O75695	GO:0005096
Q8IYD1	GO:0003924
P21128	GO:0008083
P13645	GO:0046982
Q9Y6E0	GO:0004674
Q9Y6E0	GO:0045296
Q8WU76	GO:0019905
O15066	GO:0016887
O15066	GO:0008017
O15066	GO:0031267
O14948	GO:0001227
O14948	GO:0001228
O14948	GO:0000978
P08237	GO:0005524
Q9UKI9	GO:0001228
Q9UKI9	GO:0000978
Q6P9G9	GO:0000978
P23276	GO:0004222
Q96DA2	GO:0005525
Q96DA2	GO:0003924
P51159	GO:0005525
P23945	GO:0008528
Q9H6Z4	GO:0005096
Q96T92	GO:0001227
Q96T92	GO:0000978
Q9H244	GO:0005085
Q96D71	GO:0017124
P30626	GO:0005509
P30626	GO:0002020
P30626	GO:0046982
Q9Y333	GO:0031267
Q8NH08	GO:0004984
P30049	GO:0005524
P04156	GO:0005509
P04156	GO:0005507
P04156	GO:0008017
P04156	GO:0001540
Q5SQN1	GO:0019905
P49335	GO:0000978
O76027	GO:0005546
O76027	GO:0005509
O76027	GO:0002020
O76027	GO:0005544
O14964	GO:0043130
Q969W8	GO:0001227
Q15907	GO:0005525
Q15907	GO:0045296
Q15907	GO:0003924
O95264	GO:0005231
O95264	GO:1904315
O75351	GO:0016887
Q6ZQN5	GO:0000978
Q9NR20	GO:0004674
P01242	GO:0005179
P01242	GO:0008083
P60842	GO:0003725
P60842	GO:0003743
O95409	GO:0000978
Q92730	GO:0005525
Q92730	GO:0003924
Q9H7R5	GO:0000978
Q99504	GO:0004725
Q86T29	GO:0000978
O43681	GO:0016887
P06865	GO:0046982
P16333	GO:0045296
P16333	GO:0030971
Q9H0B6	GO:0045296
P28562	GO:0004725
Q03014	GO:0001227
Q03014	GO:0001228
Q03014	GO:0000978
Q6ZTW0	GO:0008017
Q9NYD6	GO:0001228
Q9NYD6	GO:0000978
P49674	GO:0004674
Q9H598	GO:0015171
O00264	GO:0001540
O14753	GO:0000978
Q9UK22	GO:0061630
Q04837	GO:0003697
Q96A32	GO:0005509
Q16610	GO:0002020
Q9UBL6	GO:0005544
O95780	GO:0000978
A8MPY1	GO:0005254
A8MPY1	GO:0005231
A8MPY1	GO:1904315
P47902	GO:0001228
P47902	GO:0000978
Q9HC38	GO:0045296
Q9C029	GO:0061630
Q15619	GO:0004984
Q8NH81	GO:0004984
P25685	GO:0045296
O00635	GO:0061630
P49747	GO:0005509
P49747	GO:0002020
Q9NUL5	GO:0043022
Q6XYQ8	GO:0005509
Q6XYQ8	GO:0019905
Q6XYQ8	GO:0005544
P14780	GO:0004222
P14780	GO:0008270
P14780	GO:0004252
Q92966	GO:0000978
P35711	GO:0000978
Q9GZT8	GO:0061629
Q99952	GO:0004725
Q9NSA1	GO:0008083
P36404	GO:0005525
P36404	GO:0003924
Q92928	GO:0003924
Q8N4Z0	GO:0005525
Q8N4Z0	GO:0003924
P23511	GO:0000978
A2A3K4	GO:0004725
Q9UP65	GO:0005509
Q9UP65	GO:0005544
Q96BV0	GO:0000978
O14994	GO:0005524
P26927	GO:0030971
P05161	GO:0031625
Q9P258	GO:0008017
Q9P258	GO:0031267
A0A075B7D8	GO:0034987
Q8NEV1	GO:0004674
Q14508	GO:0004867
Q13151	GO:0003730
P31152	GO:0004674
Q8WU08	GO:0004674
P16035	GO:0008270
P16035	GO:0002020
Q53GS9	GO:0004843
P04085	GO:0046982
P04085	GO:0008083
Q08629	GO:0005509
Q08629	GO:0004867
P33552	GO:0043130
O15263	GO:0005546
P28698	GO:0001227
P28698	GO:0001228
P28698	GO:0000978
Q05195	GO:0001227
Q05195	GO:0000978
Q8NAM6	GO:0000978
Q8NCG5	GO:0008146
Q6ZS27	GO:0000978
P17181	GO:0004896
Q02643	GO:0008528
O15393	GO:0004252
P16520	GO:0003924
A4D1E9	GO:0005525
A4D1E9	GO:0003924
Q9GZZ0	GO:0000978
P50402	GO:0045296
Q2M2D7	GO:0005096
O14657	GO:0016887
Q9NRY7	GO:0005509
Q8NGX0	GO:0004984
Q9BRH9	GO:0000978
P10242	GO:0001228
P10242	GO:0000978
P52757	GO:0005096
P41159	GO:0005179
Q9UBV8	GO:0046982
Q9UBV8	GO:1990756
Q9Y2C2	GO:0008146
Q96BD8	GO:0008017
Q9Y2Y9	GO:0000978
Q9UKR3	GO:0004252
O43248	GO:0001228
O43248	GO:0000978
Q86XS8	GO:0061630
Q9P2Y4	GO:0001227
Q9P2Y4	GO:0000978
Q969T4	GO:0061631
Q7Z5Q1	GO:0003730
Q7Z5Q1	GO:0043022
Q9NQZ7	GO:0003924
O43364	GO:0000978
O15240	GO:0005179
Q9GZT5	GO:0005109
P52569	GO:0015171
O75838	GO:0005509
Q9NYY3	GO:0004674
Q9Y534	GO:0003730
Q9Y258	GO:0008009
Q9BZG1	GO:0031267
P62879	GO:0003924
O43927	GO:0008009
P24522	GO:0046982
Q9BT88	GO:0031625
Q9BT88	GO:0005509
Q9BT88	GO:0005544
Q9Y606	GO:0000049
Q9UJ83	GO:0005524
O14933	GO:0031625
O14933	GO:0061631
O14933	GO:0043130
A0M8Q6	GO:0034987
Q9H3M0	GO:0005249
P25490	GO:0001227
P25490	GO:0001228
P25490	GO:0000978
P54845	GO:0001228
P54845	GO:0000978
P61077	GO:0061630
P61077	GO:0061631
Q8IYX7	GO:0008017
P56181	GO:0008137
P55210	GO:0004197
C9J1S8	GO:0061630
Q9H444	GO:0045296
Q9HBY8	GO:0004674
Q9BZE4	GO:0005525
Q9BZE4	GO:0003924
Q96N96	GO:0005085
Q6DJT9	GO:0001228
Q6DJT9	GO:0000978
Q15119	GO:0005524
P28069	GO:0000978
P28069	GO:0061629
P38919	GO:0005524
Q9UBP0	GO:0008017
Q8TBB6	GO:0015171
Q9NZV7	GO:0001227
Q9NZV7	GO:0008270
O43504	GO:0005085
P85037	GO:0001227
P85037	GO:0000978
Q8N988	GO:0001227
P08240	GO:0003924
O15162	GO:0008270
O15162	GO:0017124
O15162	GO:0005509
O15162	GO:0001228
O15297	GO:0004674
O15297	GO:0004722
Q03052	GO:0000978
Q9H3Q3	GO:0008146
P59190	GO:0003924
Q9Y4Y9	GO:0046982
P24941	GO:0004674
Q9NX57	GO:0003924
Q5VTD9	GO:0001228
Q5VTD9	GO:0000978
Q5VTD9	GO:0061629
O43474	GO:0001228
O43474	GO:0000978
O43474	GO:0008270
O43474	GO:0061629
P25942	GO:0031625
O76090	GO:0005254
Q8NCH0	GO:0008146
Q6ZN11	GO:0000978
Q96JL9	GO:0000978
P48307	GO:0004867
Q8N3J9	GO:0000978
P32245	GO:0031625
Q96RR1	GO:0002020
Q96RR1	GO:0003697
O95169	GO:0008137
P14921	GO:0001228
P14921	GO:0000978
P14921	GO:0061629
P21741	GO:0008083
Q92563	GO:0005509
P23769	GO:0000978
P23769	GO:0061629
P35625	GO:0002020
Q9UBC0	GO:0000978
Q96HY6	GO:0061629
Q96H86	GO:0001227
Q96MT1	GO:0061630
Q8N668	GO:0005546
Q8N668	GO:0005507
Q9H1F0	GO:0004867
Q70EK9	GO:0004843
O75154	GO:0031267
P11831	GO:0001228
P11831	GO:0000978
Q9HB19	GO:0030165
Q01650	GO:0015171
Q96MC4	GO:0008017
P29377	GO:0005509
O15239	GO:0008137
P52952	GO:0001228
P52952	GO:0000978
P52952	GO:0061629
Q8NGJ9	GO:0004984
A8MTY0	GO:0000978
Q9H1K1	GO:0008270
Q9NP91	GO:0015171
Q86UW9	GO:0061630
Q8NGN8	GO:0004984
O43623	GO:0001227
O43623	GO:0000978
Q6ZSS3	GO:0000978
O60925	GO:0001540
Q9H5J0	GO:0000978
P18031	GO:0008270
P18031	GO:0045296
P18031	GO:0030971
P18031	GO:0004725
Q8IUD6	GO:0061630
Q8NGE7	GO:0004984
Q13634	GO:0005509
Q13634	GO:0045296
P07902	GO:0008270
O75689	GO:0005096
O43435	GO:0000978
P01860	GO:0034987
P16452	GO:0005524
Q15370	GO:0031625
P23416	GO:0005254
P23416	GO:0005231
P23416	GO:1904315
O15344	GO:0031625
O15344	GO:0008017
P15289	GO:0005509
Q8NDW4	GO:0001227
Q12792	GO:0045296
Q12792	GO:0005524
Q12792	GO:0004713
Q96BT7	GO:0008270
Q96BT7	GO:0000049
Q96LX8	GO:0001228
Q96LX8	GO:0000978
Q9Y3L5	GO:0005525
Q9Y3L5	GO:0003924
P84095	GO:0005525
P84095	GO:0003924
Q9BT49	GO:0035064
Q9BT49	GO:0042826
Q15562	GO:0000978
P43234	GO:0004197
P48169	GO:0005254
P48169	GO:0005231
P48169	GO:1904315
E7ETH6	GO:0001227
O43824	GO:0043022
Q5JT82	GO:0000978
Q15349	GO:0004674
P48643	GO:0003730
Q9UMX3	GO:0046982
Q92743	GO:0004252
P33897	GO:0016887
P33897	GO:0005524
Q9BV36	GO:0031267
Q13671	GO:0005085
Q13671	GO:0031267
A0A2R8Y422	GO:0031625
Q9BSW7	GO:0005509
Q9BSW7	GO:0019905
Q9BSW7	GO:0005544
P27694	GO:0003697
P27694	GO:0003684
Q9Y4P9	GO:0008017
Q96N87	GO:0015171
P0C626	GO:0004984
A6NDH6	GO:0004984
P36897	GO:0004674
P36897	GO:0005524
P20073	GO:0005509
P61587	GO:0005525
P61587	GO:0003924
P62081	GO:0003730
Q9BVA6	GO:0005524
P17066	GO:0031625
P17066	GO:0016887
P17066	GO:0005524
Q6PID8	GO:1990756
Q8NBB4	GO:0000978
Q08AN1	GO:0000978
Q13114	GO:0031625
Q13114	GO:0019903
Q969J2	GO:0000978
P51956	GO:0004674
Q8TCT9	GO:0031625
Q8N392	GO:0005096
Q8N392	GO:0045296
Q9Y450	GO:0003924
Q14929	GO:0001227
O60507	GO:0008146
P29728	GO:0003725
P29728	GO:0005524
P05120	GO:0004867
Q8TE85	GO:0001228
Q8TE85	GO:0000978
Q96FA3	GO:0061630
Q15555	GO:0008017
Q16819	GO:0004222
Q8N7U7	GO:0000978
Q15208	GO:0004674
Q15208	GO:0005524
Q15208	GO:0045296
P12081	GO:0005524
Q9NSY0	GO:0004674
Q8NEG7	GO:0005085
P09919	GO:0008083
P14653	GO:0001228
P14653	GO:0000978
Q504Y3	GO:0035064
Q9NUW8	GO:0003697
P63146	GO:0031625
P63146	GO:0061631
O00220	GO:0002020
Q9HBH9	GO:0004674
Q9HBH9	GO:0005524
Q9H4W6	GO:0000978
Q96N20	GO:0001227
O95299	GO:0008137
Q99972	GO:0005109
O75928	GO:0061629
O00294	GO:0005546
Q8N141	GO:0000978
A6NM36	GO:0004722
Q495X7	GO:0061630
O96017	GO:0031625
O96017	GO:0004674
P20336	GO:0003924
O00623	GO:0008270
Q96N64	GO:0035064
Q9BYE2	GO:0004252
Q9P2F9	GO:0001228
Q9P2F9	GO:0000978
Q8TBZ5	GO:0000978
Q13131	GO:0004674
Q5T0N5	GO:0045296
Q9NYZ3	GO:0008017
P84243	GO:0000978
Q8NFJ9	GO:0061629
Q96R08	GO:0004984
Q9BXK1	GO:0000978
Q02548	GO:0000978
Q9NRD1	GO:0061630
P78549	GO:0003684
P51124	GO:0004252
Q96C55	GO:0000978
Q8NHM4	GO:0004252
P43652	GO:0008270
Q6ZN06	GO:0000978
Q92902	GO:0005085
A6NCW0	GO:0004197
A6NCW0	GO:0004843
Q9BQS2	GO:0005509
Q9BQS2	GO:0005544
Q9UJ72	GO:0005509
Q8N7A1	GO:1990756
Q5VTB9	GO:0061630
Q2VIR3	GO:0000049
Q2VIR3	GO:0003743
Q92874	GO:0005509
Q7LGA3	GO:0008146
Q92541	GO:0003697
P21506	GO:0001227
Q16853	GO:0005509
Q16853	GO:0046982
Q16853	GO:0005507
Q5EBN2	GO:0061630
Q9NQ87	GO:0001227
Q9NQ87	GO:0000978
Q8N0Y5	GO:0004984
Q6P9A3	GO:0000978
A0AVI4	GO:0061630
A1L453	GO:0004252
Q8NH40	GO:0004984
Q8NHC6	GO:0004984
P40305	GO:0061629
Q8NGW1	GO:0004984
P24385	GO:0042826
Q8N819	GO:0004722
P15509	GO:0004896
Q9NYR9	GO:0003924
Q16520	GO:0000978
P83110	GO:0004252
Q86UE4	GO:0003725
Q86UE4	GO:0061629
Q8IWQ3	GO:0004674
Q8IWQ3	GO:0005524
P55039	GO:0005525
P55039	GO:0003924
P10243	GO:0001228
P10243	GO:0000978
Q6IQ16	GO:0031625
P14923	GO:0019903
P14923	GO:0045296
Q16654	GO:0005524
Q8N6Y0	GO:0030165
P13385	GO:0008083
Q9UQ88	GO:0004674
Q9UQ88	GO:0005524
P48443	GO:0000978
P78368	GO:0004674
Q9UM07	GO:0005509
O43745	GO:0005509
Q96T91	GO:0046982
O15391	GO:0001228
O15391	GO:0000978
Q15583	GO:0001227
Q15583	GO:0000978
Q96M93	GO:0003725
P08758	GO:0005509
P08758	GO:0005544
O00585	GO:0008009
Q8NG95	GO:0004984
O96014	GO:0005096
O96014	GO:0005109
O60760	GO:0005509
P43487	GO:0005096
P43487	GO:0045296
P43487	GO:0031267
Q92754	GO:0001227
Q92754	GO:0001228
Q92754	GO:0000978
O43829	GO:0001227
O43829	GO:0000978
Q6ZUT3	GO:0005085
Q9NTM9	GO:0005507
Q9UKR0	GO:0004252
P49841	GO:0031625
P49841	GO:0004674
P49841	GO:0002020
P49841	GO:0061629
Q9UL49	GO:0001227
Q9UL49	GO:0000978
O14828	GO:0031625
P98170	GO:0061630
Q8NGQ5	GO:0004984
Q9NZP8	GO:0004252
O76082	GO:0030165
Q8TDC3	GO:0004674
Q8TDC3	GO:0005524
P80098	GO:0008009
O15409	GO:0001227
O15409	GO:0000978
P36941	GO:0031625
Q9NWX6	GO:0005525
Q9NWX6	GO:0005524
Q9NWX6	GO:0000049
Q9NWX6	GO:0005085
Q9BRZ2	GO:0061630
O60304	GO:0000978
P14138	GO:0005179
Q96AE4	GO:0003697
Q10587	GO:0000978
Q03060	GO:0001227
Q03060	GO:0000978
Q9UI36	GO:0001227
Q9UI36	GO:0000978
P16619	GO:0008009
O94811	GO:0003924
P06733	GO:0001227
P06733	GO:0045296
Q96P09	GO:0061630
Q12899	GO:0061630
Q8WVK7	GO:0008017
Q8NFJ8	GO:0000978
Q13239	GO:0004713
Q9NWZ3	GO:0004674
P56915	GO:0000978
Q99501	GO:0008017
Q6PCD5	GO:0061630
Q96EP5	GO:0003730
Q96P63	GO:0004867
P18074	GO:0003684
P49903	GO:0005525
Q8NGI9	GO:0004984
O95948	GO:0001228
O95948	GO:0000978
Q9HCH3	GO:0005544
P02741	GO:0005509
Q96PM5	GO:0008270
Q96PM5	GO:0061630
Q03721	GO:0005249
O00418	GO:0004674
Q13049	GO:0061630
Q13049	GO:0043130
Q02556	GO:0001227
Q02556	GO:0000978
Q07869	GO:0001227
Q07869	GO:0001228
Q07869	GO:0000978
Q07869	GO:0061629
Q9HD47	GO:0005085
Q9HD47	GO:0031267
Q13761	GO:0000978
Q13761	GO:0005524
P23396	GO:0008017
P23396	GO:0003684
Q9H1B7	GO:0061630
Q10586	GO:0001228
Q10586	GO:0000978
Q9NW38	GO:0031625
Q9NW38	GO:0061630
Q9Y6K9	GO:0031625
Q9Y6K9	GO:0046982
P45983	GO:0042826
P45983	GO:0004674
P45983	GO:0019903
P31949	GO:0005509
Q9HCZ1	GO:0000978
O00591	GO:0005254
O00591	GO:0005231
O00591	GO:1904315
Q9BRS2	GO:0004674
Q9NZI2	GO:0005509
Q8IZJ4	GO:0005085
Q6NSZ9	GO:0000978
P33763	GO:0005509
P33763	GO:0008270
P33763	GO:0005507
P01344	GO:0008083
P24723	GO:0004674
Q96DB5	GO:0008017
Q9NZZ3	GO:0045296
Q9UBP5	GO:0000978
Q9UBP5	GO:0042826
Q9UBP5	GO:0061629
P01877	GO:0034987
O15392	GO:0008017
O15392	GO:0031267
P52738	GO:0001227
P52738	GO:0000978
P34741	GO:0030165
Q06732	GO:0001228
Q06732	GO:0000978
Q8NFJ5	GO:0045296
Q16667	GO:0004722
Q16667	GO:0004725
Q8IWF7	GO:0061631
O95416	GO:0000978
P11161	GO:0031625
P11161	GO:0001228
P11161	GO:0000978
Q9H207	GO:0004984
Q96Q11	GO:0005524
Q96Q11	GO:0000049
P49842	GO:0004674
P49842	GO:0031267
Q92670	GO:0000978
Q9Y5R2	GO:0004222
Q9Y5X4	GO:0001228
Q9Y5X4	GO:0000978
O43663	GO:0008017
P01825	GO:0034987
P26951	GO:0004896
A6ND48	GO:0004984
Q01664	GO:0001228
Q01664	GO:0000978
Q01664	GO:0042826
Q9Y5K6	GO:0017124
Q9Y5K6	GO:0045296
P78395	GO:1990756
Q03431	GO:0008528
M0QZC1	GO:0061630
A6NEK1	GO:0031625
A6NEK1	GO:1990756
P60604	GO:0061631
Q9GZW5	GO:0000978
Q99572	GO:0005524
O15499	GO:0000978
Q96DC9	GO:0004843
Q96DC9	GO:0043130
P07237	GO:0046982
P08670	GO:0003725
O43813	GO:0017124
O43813	GO:0008270
Q9HAJ7	GO:0008270
O43464	GO:0004252
P12757	GO:0001227
P12757	GO:0000978
O75874	GO:0045296
Q05655	GO:0004674
Q15018	GO:0008017
P08476	GO:0005179
P08476	GO:0008083
Q9H1I8	GO:0043130
P09529	GO:0005179
Q6ZRF7	GO:0000978
Q96MR9	GO:0001227
P55317	GO:0000978
P40126	GO:0005507
Q15620	GO:0004984
Q9Y6M0	GO:0004252
Q15436	GO:0005096
Q15436	GO:0008270
Q16790	GO:0008270
Q6ZSA7	GO:0005249
Q9NPF5	GO:0061629
P17025	GO:0000978
Q8NGA2	GO:0004984
Q8IX04	GO:0043130
P04839	GO:0046982
Q7Z444	GO:0005525
Q7Z444	GO:0003924
Q8IYM2	GO:0043022
Q8NEM1	GO:0000978
Q5VWK5	GO:0004896
Q6ZMV8	GO:0000978
Q15109	GO:0001540
Q8N9K5	GO:0000978
Q9Y2N7	GO:0000978
Q6PGN9	GO:0008017
P18146	GO:0001228
P18146	GO:0000978
P18146	GO:0008270
P56270	GO:0000978
Q96LB9	GO:0046982
P58304	GO:0001227
Q8IUE1	GO:0000978
Q9Y6F9	GO:0005109
Q2KHN1	GO:0061630
Q9BY50	GO:0004252
Q9Y570	GO:0019903
Q9Y570	GO:0045296
P10644	GO:0031625
O94844	GO:0005525
O94844	GO:0003924
Q9NVG8	GO:0005096
Q9NX52	GO:0004252
Q8NCN2	GO:0001227
Q8NCN2	GO:0000978
P01127	GO:0046982
P01127	GO:0008083
Q15326	GO:0008270
Q15326	GO:0035064
P22460	GO:0005249
Q9BRU9	GO:0003730
Q8WWA0	GO:0005509
P63027	GO:0019905
P53634	GO:0004197
O60755	GO:0008528
Q9BXB5	GO:0015485
P26038	GO:0003725
Q9Y657	GO:0035064
Q9NXT0	GO:0000978
P03915	GO:0008137
Q99731	GO:0008009
Q9Y6E2	GO:0045296
Q7Z6J4	GO:0005085
Q9NY65	GO:0005525
P11234	GO:0005525
P11234	GO:0031625
P11234	GO:0003924
P05106	GO:0002020
Q8NE28	GO:0004674
Q6UWE0	GO:0061630
P09429	GO:0061629
P09429	GO:0003684
Q9ULS6	GO:0005249
Q9Y4P1	GO:0004197
O15530	GO:0004674
P15374	GO:0004843
P15374	GO:0043130
Q8IWZ6	GO:0061629
P04350	GO:0005509
P04350	GO:0005525
P20718	GO:0004252
Q06889	GO:0000978
P48382	GO:0001228
P48382	GO:0000978
O15204	GO:0004222
O15204	GO:0008270
Q9UFC0	GO:0035064
Q06413	GO:0042826
Q06413	GO:0001228
Q06413	GO:0000978
Q06413	GO:0046982
Q06413	GO:0061629
Q05066	GO:0000978
Q9HD42	GO:0008270
Q9Y3M9	GO:0001227
Q9UQ07	GO:0004674
P05231	GO:0008083
Q96A11	GO:0008146
Q9H4M9	GO:0045296
Q9H4M9	GO:0031267
Q9H0E2	GO:0043130
P62068	GO:0004197
P62068	GO:0004843
P40692	GO:0016887
P40692	GO:0003697
Q9Y236	GO:0008083
Q07687	GO:0000978
P17021	GO:0000978
Q9GZT4	GO:0030165
Q9GZT4	GO:0005524
Q05209	GO:0017124
Q05209	GO:0004725
P0DP02	GO:0034987
P43378	GO:0004725
Q14393	GO:0030971
Q13619	GO:0031625
Q13886	GO:0000978
O75908	GO:0015485
Q96QD8	GO:0015171
P67870	GO:0004674
P67870	GO:0061629
Q96E17	GO:0003924
O43462	GO:0004222
Q16659	GO:0004674
Q9UJL9	GO:0001227
Q13557	GO:0004674
Q04771	GO:0004674
Q04771	GO:0005524
Q04771	GO:0045296
Q9UNT1	GO:0003924
P0DKX0	GO:0000978
Q969S8	GO:0042826
Q7L4E1	GO:0046982
Q8NH69	GO:0004984
Q6S5L8	GO:0030971
P49840	GO:0004674
Q8WXA8	GO:0005231
Q8WXA8	GO:1904315
Q5TA89	GO:0000978
P0DMM9	GO:0008146
P04554	GO:0008270
P27797	GO:0031625
P27797	GO:0005509
P27797	GO:0008270
P07858	GO:0004197
P42575	GO:0004197
Q6IAA8	GO:0005085
P54821	GO:0001228
P54821	GO:0000978
P54821	GO:0061629
Q9ULV1	GO:0030165
Q9ULV1	GO:0031625
Q9ULV1	GO:0001540
Q9ULV1	GO:0004896
Q9ULV1	GO:0046982
Q70CQ1	GO:0004197
Q70CQ1	GO:0004843
Q9NYB9	GO:0017124
Q9NYB9	GO:0031267
Q9NYB9	GO:0031625
Q9NSU2	GO:0003697
Q9Y2B5	GO:0005085
Q9Y2B5	GO:0031267
O14771	GO:0000978
Q9H9Y4	GO:0003924
Q99933	GO:0031625
O95817	GO:0045296
Q92997	GO:0005109
Q92997	GO:0002020
Q92997	GO:0031267
Q96BQ3	GO:0061630
P78426	GO:0000978
Q4JDL3	GO:0004725
Q6ZMW2	GO:0001228
Q6ZMW2	GO:0000978
Q06787	GO:0003730
Q06787	GO:0035064
Q06787	GO:0046982
Q06787	GO:0043022
P51148	GO:0003924
Q6TDU7	GO:0008017
Q01085	GO:0003730
Q9NQS5	GO:0008528
A0A1B0GTS1	GO:0000978
O14593	GO:0001228
P04150	GO:0001227
P04150	GO:0001228
P04150	GO:0000978
Q9BY60	GO:0031625
Q13118	GO:0001228
Q13118	GO:0000978
Q03828	GO:0000978
P26992	GO:0004896
O43316	GO:0000978
P48052	GO:0008270
Q13188	GO:0004674
Q13188	GO:0005524
Q8NGP6	GO:0004984
Q96Q77	GO:0005509
Q8N9L1	GO:0000978
O75439	GO:0004222
Q15120	GO:0004674
Q15120	GO:0005524
Q9H0M4	GO:0035064
Q9BTC8	GO:0042826
P49642	GO:0008270
P11233	GO:0005525
P11233	GO:0031625
P11233	GO:0003924
Q96RC9	GO:0004984
P49767	GO:0008083
Q7Z739	GO:0043022
Q9H2A7	GO:0008009
Q8NC51	GO:0003730
Q8NC51	GO:0045296
Q8NC51	GO:0043022
Q8IYM9	GO:0061630
Q5T7M4	GO:0005179
P19876	GO:0008009
P30153	GO:0046982
O60806	GO:0000978
Q9H6S3	GO:0045296
Q9H6S3	GO:0005085
O60671	GO:0003684
Q3YEC7	GO:0005525
P84022	GO:0008270
P84022	GO:0061629
P84022	GO:0031625
P84022	GO:0000978
P84022	GO:0001228
P84022	GO:0043130
Q9H6K1	GO:0043130
Q14802	GO:0005254
Q8NGI7	GO:0004984
O95954	GO:0008017
P0C1S8	GO:0004713
Q9HBX9	GO:0008528
Q86SG3	GO:0003730
Q96EG3	GO:0000978
P10073	GO:0000978
Q8TDV2	GO:0004984
Q8IU81	GO:0061630
Q6ZNC4	GO:0000978
O00522	GO:0008017
O00522	GO:0005546
A6NKF7	GO:0030165
Q8TB69	GO:0000978
A6NCS4	GO:0001228
A6NCS4	GO:0000978
Q9UGF5	GO:0004984
P17542	GO:0000978
P17542	GO:0042826
P17542	GO:0061629
Q8IYB5	GO:0005096
O14757	GO:0004674
Q9BXA6	GO:0004674
Q9BXA6	GO:0005524
P29692	GO:0045296
P29692	GO:0005085
Q3MIS6	GO:0000978
Q99942	GO:0008270
Q99942	GO:0061630
P07478	GO:0004222
P07478	GO:0005509
P07478	GO:0004252
Q33E94	GO:0001228
Q33E94	GO:0000978
Q6W0C5	GO:0035064
Q695T7	GO:0015171
O00110	GO:0000978
Q8NH89	GO:0004984
P09936	GO:0031625
P09936	GO:0004197
P09936	GO:0004843
P09936	GO:0043130
Q8TDX7	GO:0004674
Q9NS86	GO:0005525
Q9NS86	GO:0005524
Q9NWB6	GO:0045296
A1A4S6	GO:0005096
Q6BEB4	GO:0000978
O14908	GO:0045296
Q8NDQ6	GO:0000978
Q9H2B2	GO:0005509
Q9H2B2	GO:0005544
Q6NZY7	GO:0031267
Q9NQU5	GO:0004674
Q9NQU5	GO:0045296
Q13185	GO:0035064
P52198	GO:0005525
P52198	GO:0003924
Q8NBF1	GO:0001228
Q8NBF1	GO:0000978
P25090	GO:0001540
Q02156	GO:0004674
P35052	GO:0005507
Q9BR01	GO:0008146
Q9NPC7	GO:0000978
A0A1W2PRP0	GO:0000978
Q99538	GO:0004197
P07992	GO:0003697
P07992	GO:0003684
P57682	GO:0000978
Q9P0P0	GO:0061630
Q3MII6	GO:0005096
P57735	GO:0005525
P57735	GO:0003924
Q12829	GO:0003924
P28702	GO:0001228
P28702	GO:0000978
O14730	GO:0004674
Q96NA2	GO:0031267
Q494X3	GO:0001227
Q7RTU7	GO:0001228
Q96RE7	GO:0000978
A1A5B4	GO:0005254
O00459	GO:0019903
O00459	GO:0030971
P20719	GO:0001228
P20719	GO:0000978
Q6PHR2	GO:0004674
P09668	GO:0004197
P19087	GO:0005525
P19087	GO:0003924
P49593	GO:0004722
Q96KK3	GO:0005249
P25208	GO:0001228
P25208	GO:0000978
Q9UMR3	GO:0000978
Q96SB4	GO:0004674
Q96SB4	GO:0005524
Q9BZI1	GO:0001227
Q9BZI1	GO:0000978
Q5JXB2	GO:0061631
P0CG48	GO:0031625
P0CG48	GO:0002020
Q12952	GO:0000978
Q9NRB3	GO:0008146
Q00796	GO:0008270
P62854	GO:0045296
O75916	GO:0005096
O75916	GO:0003924
P62750	GO:0045296
P08247	GO:0015485
Q9BSK1	GO:0000978
Q14526	GO:0001227
Q14526	GO:0000978
Q14526	GO:0042826
P20338	GO:0005525
P20338	GO:0003924
Q8N9W6	GO:0003730
P10809	GO:0031625
P10809	GO:0003725
Q96P15	GO:0004867
Q9UN37	GO:0016887
Q9UN37	GO:0005524
Q86VW2	GO:0005085
P05455	GO:0000049
P00736	GO:0005509
P00736	GO:0004252
Q99638	GO:0017124
Q99638	GO:0042826
Q8NGZ6	GO:0004984
Q8N1L9	GO:0000978
Q8IYK8	GO:0005525
P11908	GO:0005524
P41212	GO:0001227
Q9NW07	GO:0000978
Q96QA5	GO:0005546
P30793	GO:0008270
P30793	GO:0005525
P30793	GO:0003924
Q01638	GO:0004896
Q14119	GO:0001228
O43711	GO:0000978
Q15825	GO:0005231
Q15825	GO:1904315
Q9HAU6	GO:0005509
Q96CX3	GO:0000978
O14807	GO:0005525
O14807	GO:0003924
Q8WZ19	GO:0031267
Q96HS1	GO:0005096
Q96HS1	GO:0004722
Q92530	GO:0046982
O60888	GO:0005507
O00238	GO:0004674
O00238	GO:0005524
Q9Y278	GO:0008146
Q9NS28	GO:0003924
Q9NQ03	GO:0000978
Q7RTU3	GO:0000978
Q9UBD0	GO:0000978
P0CG21	GO:0061630
P09486	GO:0005509
P49591	GO:0000978
P49591	GO:0000049
P28331	GO:0008137
Q8WV93	GO:0016887
P24347	GO:0004222
P24347	GO:0004252
P12277	GO:0031625
Q8N4F7	GO:0061630
P17097	GO:0000978
Q92529	GO:0030971
Q9BR39	GO:0005546
Q96FG2	GO:0005096
O96006	GO:0001228
O96006	GO:0000978
O95166	GO:0031625
Q684P5	GO:0005096
Q8TD08	GO:0017124
Q8TD08	GO:0004674
Q9UIK4	GO:0004674
Q9UIK4	GO:0005524
P52741	GO:0001227
P52741	GO:0000978
Q8WY64	GO:0061630
Q5VYV0	GO:0000978
P56373	GO:0005524
Q66K89	GO:0001227
Q66K89	GO:0001228
Q66K89	GO:0000978
Q66K89	GO:0061629
Q9Y3D8	GO:0005524
Q00987	GO:0031625
Q00987	GO:0008270
Q00987	GO:0061630
Q00987	GO:0043130
Q969Q5	GO:0003924
Q99697	GO:0000978
Q99697	GO:0061629
P35611	GO:0046982
P35611	GO:0061629
P35611	GO:0045296
Q92786	GO:0001227
Q92786	GO:0000978
Q9Y264	GO:0030971
Q01892	GO:0001228
Q01892	GO:0000978
Q99801	GO:0000978
Q99801	GO:0042826
P84077	GO:0005525
P84077	GO:0003924
Q86SG5	GO:0005509
Q8IXL7	GO:0008270
O14678	GO:0005524
O75368	GO:1990756
Q13617	GO:0031625
O95168	GO:0008137
Q9NZC4	GO:0001228
Q9NZC4	GO:0000978
O15371	GO:0003743
Q9BYT8	GO:0004222
Q9NSD7	GO:0008528
P63272	GO:0046982
O14613	GO:0005096
O14613	GO:0031267
Q8TAK6	GO:0000978
Q9H344	GO:0004984
Q9Y2P0	GO:0000978
Q5VVX9	GO:0061631
Q9Y261	GO:0000978
Q8NGK9	GO:0004984
Q9NQZ3	GO:0003730
Q99626	GO:0001227
Q99626	GO:0000978
P60903	GO:0005509
Q9C035	GO:0061630
P43358	GO:0042826
Q96DU9	GO:0003730
O14830	GO:0004722
O60765	GO:0000978
Q58FF8	GO:0005524
P43220	GO:0008528
Q9Y576	GO:0061630
Q9BX74	GO:0001540
O60243	GO:0008146
Q96GX9	GO:0008270
Q96RE9	GO:0001228
Q96RE9	GO:0000978
P17024	GO:0001227
Q9BXN1	GO:0005509
P08651	GO:0001228
P08651	GO:0000978
Q9NQL9	GO:0000978
O76064	GO:0031625
O76064	GO:0008270
O76064	GO:0061630
Q9BUR4	GO:0031625
P03372	GO:0001228
P03372	GO:0000978
Q0VDF9	GO:0016887
Q0VDF9	GO:0005524
O43555	GO:0005179
Q8NGS1	GO:0004984
Q8TD17	GO:0001227
Q9BSG1	GO:0008270
Q9BSG1	GO:0000978
Q9BYJ4	GO:0061630
P34947	GO:0004674
P10415	GO:0031625
P10415	GO:0002020
P10415	GO:0046982
Q8NER5	GO:0004674
P22001	GO:0005249
O75319	GO:0004725
Q9H190	GO:0005546
Q9H190	GO:0046982
P07900	GO:0042826
P07900	GO:0031625
P07900	GO:0005524
P07900	GO:0016887
Q6UWZ7	GO:0008017
P31785	GO:0004896
P03950	GO:0005507
Q5VZB9	GO:0000978
O43189	GO:0035064
Q9UBE8	GO:0031625
Q9UBE8	GO:0004674
Q9HCS4	GO:0000978
P40763	GO:0001228
P40763	GO:0000978
P40763	GO:0019903
P40763	GO:0061629
Q02383	GO:0008270
Q02383	GO:0002020
Q9NPC1	GO:0008528
Q86XR8	GO:0008017
Q96R72	GO:0004984
Q5JS37	GO:0061630
P49763	GO:0008083
Q86UV6	GO:0061630
P31930	GO:0031625
P0DP08	GO:0034987
Q93098	GO:0005109
Q96QF0	GO:0005085
Q13885	GO:0005525
O60248	GO:0000978
Q8IYM1	GO:0005525
Q8IYM1	GO:0003924
Q9HBE5	GO:0004896
O60259	GO:0004252
Q9H1R2	GO:0004725
Q96RP9	GO:0003924
P20339	GO:0005525
P20339	GO:0003924
Q86XE3	GO:0005509
P00441	GO:0008270
P00441	GO:0031267
P00441	GO:0005507
Q15465	GO:0005509
Q15465	GO:0008270
Q8NGE3	GO:0004984
Q96DB9	GO:0045296
P17987	GO:0031625
Q8NGR3	GO:0004984
Q99676	GO:0008270
Q99676	GO:0000978
P48048	GO:0005546
Q9H346	GO:0004984
Q49AA0	GO:0001227
Q16650	GO:0000978
Q8NGQ3	GO:0004984
O60645	GO:0045296
Q16322	GO:0005249
Q9BT81	GO:0000978
Q9Y483	GO:0035064
Q2I0M4	GO:0005249
P24278	GO:0001227
P24278	GO:0000978
Q5SW96	GO:0005546
Q5SW96	GO:0001540
P26367	GO:0000978
Q49A33	GO:0000978
O43639	GO:0030971
P04279	GO:0008270
P58181	GO:0004984
P41587	GO:0008528
O75783	GO:0004252
Q93097	GO:0005109
Q14964	GO:0005525
Q14964	GO:0003924
Q9UGJ0	GO:0005524
O00161	GO:0019905
Q86XJ1	GO:0008017
P54922	GO:0005096
Q8N184	GO:0000978
Q9Y6B6	GO:0003924
P17026	GO:0008270
Q9NVN3	GO:0005085
Q6P2D0	GO:0000978
Q9UER7	GO:0031625
Q9UER7	GO:0061629
Q9NZK5	GO:0008270
Q9NZK5	GO:0008083
Q5U5R9	GO:0061630
Q9BYV2	GO:0008270
Q9BYV2	GO:0061630
P57729	GO:0005525
P57729	GO:0003924
Q9H091	GO:0042826
P47881	GO:0004984
Q9H159	GO:0005509
Q9H159	GO:0045296
O43186	GO:0001228
O43186	GO:0000978
P08949	GO:0005179
P28482	GO:0004674
Q99640	GO:0004674
P68543	GO:0043130
Q9Y4X4	GO:0001227
Q9Y4X4	GO:0000978
P23582	GO:0005179
P47887	GO:0004984
Q8N6P7	GO:0004896
Q3KRB8	GO:0005096
Q9HC16	GO:0008270
O00124	GO:0043130
Q8IVC4	GO:0000978
Q96DR4	GO:0015485
P62140	GO:0004722
P01011	GO:0004867
Q9UM00	GO:0043022
Q8TC21	GO:0001227
Q9UNK4	GO:0005509
Q8N136	GO:1990756
Q9BXI6	GO:0005096
Q9BXI6	GO:0045296
Q9BXI6	GO:0030165
O00571	GO:0016887
O00571	GO:0045296
O00571	GO:0003924
Q4G0X4	GO:0042826
Q56UQ5	GO:0005509
P63096	GO:0003924
Q86T24	GO:0001227
Q86T24	GO:0000978
Q13596	GO:0046982
Q13596	GO:0045296
Q02962	GO:0000978
O00488	GO:0008270
Q9H361	GO:0003730
P0CE72	GO:0005509
Q8NGR4	GO:0004984
F5GYI3	GO:0043130
P30307	GO:0004725
Q14847	GO:0045296
Q8IUB5	GO:0004867
Q9Y508	GO:0061630
Q92556	GO:0017124
Q92556	GO:0005085
Q9NPQ8	GO:0005085
Q9UDV7	GO:0001227
Q9UDV7	GO:0008270
O60381	GO:0000978
Q3SY52	GO:0000978
Q6EIG7	GO:0005509
Q92558	GO:0031267
Q9NRM6	GO:0004896
O00338	GO:0008146
Q8NH18	GO:0004984
Q9NY57	GO:0004674
Q9C0F3	GO:0001227
P09923	GO:0002020
P34982	GO:0004984
Q8ND25	GO:0061630
Q14626	GO:0004896
Q8N8N0	GO:0061630
Q8N8N0	GO:0031267
Q9H0H3	GO:1990756
P08253	GO:0004222
P08253	GO:0004252
Q96T88	GO:0008270
Q96T88	GO:0061630
Q96T88	GO:0035064
P14316	GO:0001228
P14316	GO:0000978
P56177	GO:0000978
Q8NH63	GO:0004984
Q00444	GO:0000978
Q14623	GO:0005509
P78334	GO:0005254
P78334	GO:0005231
P78334	GO:1904315
P40426	GO:0000978
A6NHG9	GO:0004984
Q8N393	GO:0001228
Q8N393	GO:0000978
Q6Y1H2	GO:0004725
Q02575	GO:0001228
Q02575	GO:0000978
P01009	GO:0002020
P01009	GO:0004867
O43920	GO:0008137
Q15833	GO:0019905
P57764	GO:0005546
O75030	GO:0001227
O75030	GO:0001228
O75030	GO:0000978
P08473	GO:0004222
P08473	GO:0008270
O14641	GO:0005109
Q2T9J0	GO:0002020
Q2T9J0	GO:0004252
Q9UBG7	GO:0000978
A0A2R8YED5	GO:0004984
O95936	GO:0000978
O43791	GO:0031625
O60911	GO:0004197
O60911	GO:0004252
P10589	GO:0001227
P10589	GO:0000978
Q0VAM2	GO:0005085
Q13795	GO:0005525
Q13795	GO:0003924
P09038	GO:0008083
O14562	GO:0045296
P11487	GO:0008083
O15211	GO:0005085
P22888	GO:0008528
O60285	GO:0004674
Q15319	GO:0001228
Q15319	GO:0000978
O15498	GO:0045296
Q2M218	GO:0000978
P11473	GO:0000978
O60936	GO:0005509
P01034	GO:0002020
P01034	GO:0001540
P40225	GO:0008083
O14813	GO:0001228
P17535	GO:0000978
O00425	GO:0003730
Q7L3S4	GO:0000978
O15400	GO:0019905
Q9BWF2	GO:0061630
P43694	GO:0001228
P43694	GO:0000978
P43694	GO:0061629
O14791	GO:0005254
Q9NR80	GO:0005085
P40425	GO:0001228
P40425	GO:0000978
Q5VV17	GO:0004843
P49190	GO:0008528
Q99584	GO:0005509
Q99584	GO:0008270
Q99584	GO:0005507
Q8NGJ5	GO:0004984
Q9C040	GO:0008270
Q9C040	GO:0061630
P49768	GO:0030165
P49768	GO:0045296
Q14520	GO:0004252
Q8TE02	GO:0000049
Q8NGL7	GO:0004984
Q96T60	GO:0005524
Q96T60	GO:0003684
P15531	GO:0005525
P15531	GO:0005524
P42680	GO:0004713
Q8NGL4	GO:0004984
Q9Y4A8	GO:0000978
Q3ZCX4	GO:0000978
P31947	GO:0045296
Q9NWV4	GO:0008270
P00751	GO:0004252
Q9NZV8	GO:0005249
Q495M3	GO:0015171
Q13838	GO:0016887
P01008	GO:0002020
P01008	GO:0004867
P03951	GO:0004252
P67775	GO:0046982
P67775	GO:0004722
P67775	GO:0004725
A6NFD8	GO:0000978
Q5U5Q3	GO:0061630
Q9UII5	GO:0001228
Q9UII5	GO:0000978
P13349	GO:0000978
P20151	GO:0004252
Q96C28	GO:0000978
P60033	GO:0015485
Q96EY5	GO:0043130
P08217	GO:0004252
Q96K75	GO:0000978
P04070	GO:0004252
O95721	GO:0019905
Q9Y5X3	GO:0045296
Q9UIE0	GO:0000978
Q53GI3	GO:0000978
Q9NTK5	GO:0016887
Q9NTK5	GO:0045296
Q9NTK5	GO:0005524
Q15291	GO:0035064
P68133	GO:0005524
Q93088	GO:0008270
A0A0B4J1V1	GO:0034987
P81877	GO:0003697
P28347	GO:0000978
Q5XKR4	GO:0001227
O43278	GO:0004867
P49354	GO:0008017
Q7Z7E8	GO:0061631
P0DMC3	GO:0005179
P48436	GO:0001228
P48436	GO:0000978
Q8TED9	GO:0017124
Q9H9V4	GO:0061630
Q14469	GO:0000978
Q14469	GO:0042826
A6NEC2	GO:0008270
P63316	GO:0005509
P02760	GO:0004867
Q8NGN5	GO:0004984
Q9NR11	GO:0000978
Q8WU79	GO:0005096
P12980	GO:0000978
Q9HAD4	GO:0005085
Q9P0V9	GO:0003924
A0A0C4DH41	GO:0034987
P25788	GO:0031625
P01116	GO:0005525
P01116	GO:0003924
Q96FN5	GO:0016887
Q96FN5	GO:0008017
Q03135	GO:0015485
Q03135	GO:0031267
Q8NHW3	GO:0000978
Q9BYM8	GO:0043130
Q9Y4Z2	GO:0001227
Q9Y4Z2	GO:0000978
O95140	GO:0031625
O95140	GO:0003924
Q9UI09	GO:0008137
P55287	GO:0005509
P55287	GO:0045296
Q8WZ94	GO:0004984
O95292	GO:0008017
O95292	GO:0046982
O95292	GO:0045296
Q92963	GO:0005525
Q92963	GO:0003924
Q96B01	GO:0003697
P40313	GO:0004252
Q9H1J5	GO:0005109
Q99747	GO:0019905
Q8NH05	GO:0004984
P09603	GO:0008083
Q96CV9	GO:0031267
Q13564	GO:0031625
Q13564	GO:0046982
P52888	GO:0004222
Q96SQ7	GO:0000978
P00558	GO:0005524
Q9UL25	GO:0005525
Q9UL25	GO:0003924
Q06587	GO:0061630
Q8NGB2	GO:0004984
P09960	GO:0008270
Q15759	GO:0004674
Q9UPW6	GO:0001228
Q9UPW6	GO:0000978
Q96RB7	GO:0004984
P49760	GO:0004674
P49760	GO:0004713
P48378	GO:0000978
O96004	GO:0001227
O96004	GO:0000978
O96004	GO:0061629
P46108	GO:0017124
P46108	GO:0030971
O96018	GO:0001540
P20231	GO:0004252
Q6J9G0	GO:0004713
P24534	GO:0005085
Q9H521	GO:0004674
Q8NH61	GO:0004984
O00148	GO:0016887
O95159	GO:0008270
P55055	GO:0001228
P55055	GO:0000978
P28288	GO:0016887
P28288	GO:0005524
Q9GZN2	GO:0000978
Q9H1J7	GO:0005109
P51151	GO:0005525
P51151	GO:0003924
O95199	GO:0005085
P22736	GO:0000978
Q96JJ3	GO:0030971
P29992	GO:0005525
P29992	GO:0003924
Q9UHF4	GO:0004896
Q15916	GO:0001227
Q15916	GO:0000978
Q9HCT0	GO:0008083
Q12800	GO:0001228
Q12800	GO:0000978
Q9P0U4	GO:0035064
P51671	GO:0008009
Q8NH74	GO:0004984
Q8NHG8	GO:0061630
P05198	GO:0043022
P05198	GO:0003743
Q13115	GO:0004725
Q8NEX6	GO:0004867
P17031	GO:0000978
Q86VV4	GO:0005096
Q8TCV5	GO:0004867
Q9P255	GO:0000978
Q2M5E4	GO:0003924
P55042	GO:0005525
P61088	GO:0031625
P61088	GO:0061631
P61088	GO:0043130
Q15697	GO:0000978
Q8WYK2	GO:0001227
Q8WYK2	GO:0000978
P62873	GO:0003924
P14652	GO:0001228
P14652	GO:0000978
Q96ES7	GO:0035064
P17275	GO:0000978
P23025	GO:0003684
Q8N6Q3	GO:0002020
Q53H82	GO:0008270
Q96FZ2	GO:0003697
Q9H2W2	GO:0000978
Q9H2W2	GO:0061629
A0A0B4J2F2	GO:0004674
Q9H492	GO:0031625
Q9H492	GO:0008017
Q9BUY7	GO:0005509
Q9UHV5	GO:0005085
P04233	GO:0004896
P04233	GO:0001540
O00560	GO:0005109
O00560	GO:0005546
O00560	GO:0046982
Q9NQG7	GO:0005085
Q9NQG7	GO:0031267
Q8IUQ4	GO:0008270
Q8IUQ4	GO:0061630
P47869	GO:0005254
P47869	GO:0005231
P47869	GO:1904315
Q96S66	GO:0005254
Q15287	GO:0003730
Q49AN0	GO:0003697
Q49AN0	GO:0003684
P00918	GO:0008270
Q86WD7	GO:0004867
Q9H2H0	GO:0030165
Q9H2H0	GO:0008270
Q9UKV5	GO:0061630
Q8IYT3	GO:0008017
P08620	GO:0008083
Q68DI1	GO:0000978
Q09028	GO:0042826
Q9H341	GO:0004984
P11387	GO:0005524
P11387	GO:0000978
P11387	GO:0003697
P11387	GO:0004674
Q86VK4	GO:0000978
P51692	GO:0001228
P51692	GO:0000978
O75365	GO:0004725
Q9H8T0	GO:0061631
P10588	GO:0000978
Q9NP80	GO:0005524
Q8TF39	GO:0000978
Q9Y371	GO:0045296
Q86VN1	GO:0043130
Q13516	GO:0000978
Q49A26	GO:0035064
I1YAP6	GO:0061630
Q96S59	GO:0031267
Q96DX7	GO:0061630
Q7Z2E3	GO:0003725
Q7Z2E3	GO:0003697
Q7Z2E3	GO:0003684
P09544	GO:0005109
P22626	GO:0003730
Q13616	GO:0031625
Q7L8J4	GO:0005085
Q12982	GO:0005096
Q12982	GO:0005509
Q2M3W8	GO:0000978
Q8IVV7	GO:0061630
Q8IYB4	GO:0031267
P28676	GO:0005509
P28676	GO:0046982
E5RG02	GO:0004252
P15382	GO:0005249
P31270	GO:0000978
P85298	GO:0005096
Q8WV22	GO:0061630
Q9BRV8	GO:0031267
Q96NI8	GO:0000978
Q15784	GO:0000978
O95343	GO:0000978
Q9Y577	GO:0061630
Q99574	GO:0004867
Q9H832	GO:0061631
P46098	GO:0005231
P46098	GO:1904315
P14651	GO:0001228
P14651	GO:0000978
Q9UL40	GO:0003725
P17482	GO:0000978
Q9HC78	GO:0001227
Q9HC78	GO:0000978
Q96MX6	GO:0043130
P31025	GO:0008270
P04899	GO:0003924
Q8NCV1	GO:0003725
Q9Y6Q3	GO:0001227
Q9Y6Q3	GO:0008270
Q7L0R7	GO:0061630
Q9UNF0	GO:0045296
Q13950	GO:0000978
P17600	GO:0005524
P68431	GO:0045296
Q8IWF6	GO:0005085
Q9H902	GO:0008017
Q9UBF1	GO:0031625
Q5T124	GO:0043130
P51617	GO:0004674
P51617	GO:0046982
P04628	GO:0005109
Q14588	GO:0000978
P23946	GO:0004252
Q9H7X7	GO:0003924
Q15776	GO:0000978
Q7LFL8	GO:0008270
P17658	GO:0005249
Q8N9I0	GO:0005509
Q8N9I0	GO:0019905
Q8N9I0	GO:0005544
O14745	GO:0030165
E7ERA6	GO:0061630
Q9HAK2	GO:0000978
Q8IY31	GO:0031267
Q8TAQ5	GO:0000978
O75593	GO:0001228
Q16534	GO:0001228
Q16534	GO:0000978
Q5JUK2	GO:0000978
Q9Y4X5	GO:0031625
Q9Y4X5	GO:0008270
Q9Y4X5	GO:0061630
Q96TC7	GO:0008017
P47872	GO:0008528
P52744	GO:0000978
Q8IV20	GO:0005507
P0C869	GO:0005509
P0C869	GO:0005544
Q8WY54	GO:0004722
Q969J5	GO:0004896
Q8IW75	GO:0004867
P06276	GO:0001540
P35520	GO:0031625
P62913	GO:0031625
Q15797	GO:0001228
Q15797	GO:0000978
Q96KN3	GO:0000978
Q9BUB5	GO:0004674
Q9BUB5	GO:0005524
P63211	GO:0003924
O15247	GO:0005254
Q13422	GO:0000978
Q96G25	GO:0000978
A0A075B7B6	GO:0034987
Q13705	GO:0004674
Q9Y4X3	GO:0008009
Q14790	GO:0031625
Q14790	GO:0004197
Q8N196	GO:0000978
O43159	GO:0035064
Q96EQ8	GO:0008270
Q96EQ8	GO:0061630
Q8NH83	GO:0004984
Q99623	GO:0046982
Q13285	GO:0000978
P60468	GO:0043022
Q15646	GO:0003725
P52564	GO:0004674
Q96RR4	GO:0005509
Q96RR4	GO:0004674
Q96RR4	GO:0004713
Q9UKQ9	GO:0004252
Q16394	GO:0046982
Q6NX49	GO:0001228
Q6NX49	GO:0000978
Q9BYG8	GO:0005546
O60784	GO:0043130
P15408	GO:0001228
P15408	GO:0000978
P13688	GO:0019903
Q9UBG3	GO:0005509
P02585	GO:0005509
Q969V3	GO:0043022
O60675	GO:0001227
O60675	GO:0000978
O75628	GO:0005525
Q9H0X6	GO:0061630
P14867	GO:0005254
P14867	GO:0005231
P14867	GO:1904315
P10276	GO:0000978
Q13952	GO:0001228
Q13952	GO:0000978
O15266	GO:0001228
Q8NA42	GO:0000978
Q15131	GO:0004674
Q9H9E1	GO:0031625
Q9H9E1	GO:0042826
P11308	GO:0001228
P11308	GO:0000978
P28332	GO:0008270
P05186	GO:0005509
P08588	GO:0030165
P08588	GO:0046982
P08588	GO:0005085
P10301	GO:0005525
P10301	GO:0003924
Q9H340	GO:0004984
Q8NH50	GO:0004984
O43684	GO:0043130
Q8NCC3	GO:0008270
Q9NRH2	GO:0004674
Q9NRH2	GO:0005524
Q86Y07	GO:0004674
Q8N0Z6	GO:0043022
Q5VTE0	GO:0003924
Q7Z4V5	GO:0035064
P80075	GO:0008009
Q5T6S3	GO:0035064
Q9UQ13	GO:0019903
O14662	GO:0019905
P31260	GO:0001228
P31260	GO:0000978
P31260	GO:0042826
P43403	GO:0005524
P43403	GO:0004713
P27487	GO:0002020
P27487	GO:0004252
Q9HBZ2	GO:0000978
Q9HBZ2	GO:0046982
P20340	GO:0005525
P20340	GO:0003924
P58317	GO:0000978
P53539	GO:0000978
Q9NZS9	GO:0061630
Q8NEJ0	GO:0004725
Q8IVM0	GO:0031625
Q8WWC4	GO:0043022
O15539	GO:0005096
O15539	GO:0003924
O96000	GO:0008137
Q6IQ22	GO:0003924
Q99732	GO:0001228
Q99732	GO:0000978
Q99732	GO:0008270
Q8WWY7	GO:0004867
Q14699	GO:0003725
P17020	GO:0000978
P61978	GO:0045296
Q9UMR7	GO:0005509
A6NGJ6	GO:0061630
Q9NQ94	GO:0003725
Q9UNE7	GO:0031625
Q9UNE7	GO:0061630
Q9H9D4	GO:0000978
Q8NET6	GO:0008146
P11142	GO:0031625
P11142	GO:0016887
P11142	GO:0045296
P11142	GO:0005524
P55075	GO:0008083
O76038	GO:0005509
Q8N635	GO:0003697
Q9Y5J9	GO:0008270
Q9Y3A5	GO:0008017
Q9Y3A5	GO:0043022
Q8TCI5	GO:0031267
P48380	GO:0000978
P41240	GO:0004713
P19544	GO:0001228
P19544	GO:0000978
P19544	GO:0008270
Q96IS3	GO:0001228
Q96IS3	GO:0000978
Q7RTV3	GO:0000978
P01019	GO:0005179
P01019	GO:0004867
P01019	GO:0008083
Q9BW19	GO:0016887
Q9BW19	GO:0008017
Q9BW19	GO:0005524
P61020	GO:0003924
Q12951	GO:0001228
Q12951	GO:0000978
O00570	GO:0000978
P62136	GO:0004722
Q96PR1	GO:0005249
Q13461	GO:0000978
Q9UGN5	GO:0003684
Q9UPG8	GO:0001228
O75204	GO:0031267
Q6A1A2	GO:0004674
P53350	GO:0004674
P53350	GO:0008017
P53350	GO:0005524
P23443	GO:0004674
Q9UH73	GO:0000978
Q9H2G9	GO:0031625
Q96RP8	GO:0005249
P15056	GO:0005509
P15056	GO:0004674
P15056	GO:0031267
P62424	GO:0045296
P25713	GO:0008270
P25713	GO:0005507
A8MZ59	GO:0000978
P68400	GO:0004674
Q99453	GO:0001228
Q99453	GO:0000978
P61970	GO:0031267
P50613	GO:0004674
Q9H0R8	GO:0031625
Q96RP7	GO:0008146
Q9P0J0	GO:0005524
P09769	GO:0004713
O94923	GO:0005509
Q8N2I2	GO:0001227
Q8IY84	GO:0004674
Q8IY84	GO:0005524
Q8N365	GO:0000978
P43360	GO:0042826
P78414	GO:0001227
P78414	GO:0000978
Q99797	GO:0004222
Q0VGL1	GO:0005085
P35226	GO:0008270
Q8TBP0	GO:0005096
A6NJ46	GO:0001227
A6NJ46	GO:0001228
A6NJ46	GO:0000978
Q8NGN0	GO:0004984
Q9UN81	GO:0003697
Q99958	GO:0001228
Q99958	GO:0000978
P10398	GO:0004674
Q99571	GO:0045296
Q99571	GO:0005524
Q9H0T7	GO:0003924
O95433	GO:0045296
Q8WVQ1	GO:0005509
P07910	GO:0003730
Q9BVJ7	GO:0004725
P51813	GO:0004713
Q9Y572	GO:0004674
Q5T2D3	GO:0004843
Q13207	GO:0001227
Q13207	GO:0000978
P84085	GO:0005525
Q9ULY5	GO:0005509
P20393	GO:0001227
P20393	GO:0000978
Q9BZG2	GO:0030971
Q9BZG2	GO:0004725
P50452	GO:0004867
Q9UNI6	GO:0008270
P41279	GO:0004674
Q68CJ9	GO:0001228
Q68CJ9	GO:0000978
Q68CJ9	GO:0046982
Q5W0U4	GO:0061630
Q9H6Y7	GO:0061630
O95475	GO:0000978
Q9UBR2	GO:0004197
P42679	GO:0004713
Q5T5D7	GO:0001227
P51157	GO:0005525
P51157	GO:0003924
O95838	GO:0008528
Q8NDP4	GO:0001227
P15407	GO:0000978
Q15545	GO:0046982
Q8IYX8	GO:0008017
P15018	GO:0008083
P21731	GO:0005085
P05549	GO:0001227
P05549	GO:0001228
P05549	GO:0000978
Q99594	GO:0000978
Q99594	GO:0061629
Q15072	GO:0008270
Q15072	GO:0000978
Q765P7	GO:0005096
Q765P7	GO:0031267
Q8N5A5	GO:0001227
Q8N5A5	GO:0000978
Q0VG99	GO:0000978
Q8TEB9	GO:0004252
Q9NP70	GO:0008083
P55771	GO:0000978
Q92570	GO:0001228
Q92570	GO:0000978
Q9UQK1	GO:0004722
Q9UGK8	GO:0061630
Q9UGK8	GO:0005085
P20591	GO:0008017
P20591	GO:0003924
Q8N0Y2	GO:0000978
A6NIR3	GO:0005096
A6NIR3	GO:0003924
P04637	GO:0008270
P04637	GO:0042826
P04637	GO:0061629
P04637	GO:0030971
P04637	GO:0031625
P04637	GO:0019903
P04637	GO:0001227
P04637	GO:0003730
P04637	GO:0000978
P04637	GO:0046982
P04637	GO:0005507
P04637	GO:0001228
P04637	GO:0002020
Q9UHD2	GO:0004674
Q9BZR9	GO:0008270
P41743	GO:0004674
P41743	GO:0005524
P26378	GO:0003730
Q9H7P6	GO:0043130
Q969V5	GO:0031625
Q969V5	GO:0061630
P28472	GO:0005254
P28472	GO:0005231
P28472	GO:1904315
Q86X27	GO:0005085
Q8N165	GO:0004674
Q9Y6U3	GO:0005546
Q9Y6U3	GO:0005509
P50750	GO:0004674
P52740	GO:0000978
Q8NGY2	GO:0004984
Q01826	GO:0001227
Q01826	GO:0000978
Q86W26	GO:0016887
Q86W26	GO:0003924
Q9H116	GO:0001227
Q9H116	GO:0000978
P01303	GO:0005179
P05067	GO:0004867
P42701	GO:0004896
Q15633	GO:0003725
Q9H816	GO:0003684
Q56A73	GO:0035064
O00515	GO:0045296
P16444	GO:0008270
Q8WYA1	GO:0000978
Q96PZ2	GO:0003697
P06239	GO:0019903
P06239	GO:0004722
P06239	GO:0004713
Q5VT79	GO:0005509
P35716	GO:0001228
P35716	GO:0000978
Q96RI0	GO:0002020
P08913	GO:0046982
Q7Z569	GO:0061630
Q7Z353	GO:0000978
Q9ULV5	GO:0000978
O43255	GO:0061630
Q02446	GO:0000978
P48546	GO:0008528
Q15366	GO:0031625
Q15366	GO:0003697
O94941	GO:0031625
P0CG47	GO:0031625
Q04760	GO:0008270
Q9UKY0	GO:0005507
Q9H3J6	GO:0000049
Q92731	GO:0000978
Q86YS3	GO:0031267
Q02045	GO:0005509
O14921	GO:0003924
Q92599	GO:0003924
P42768	GO:0017124
P42768	GO:0031267
O60260	GO:0008270
O60260	GO:0042826
O60260	GO:0017124
O60260	GO:0030165
O60260	GO:0031625
O60260	GO:0061630
O60260	GO:0043130
A0A1W2PPK0	GO:0000978
Q92904	GO:0003730
P09958	GO:0002020
P09958	GO:0004867
P09958	GO:0004252
O00168	GO:0005254
Q92988	GO:0001227
Q92988	GO:0000978
P61586	GO:0005525
P61586	GO:0003924
Q96A58	GO:0005525
Q96A58	GO:0003924
P62072	GO:0008270
O60896	GO:0001540
Q14627	GO:0004896
P31946	GO:0042826
P31946	GO:0045296
Q9UJX0	GO:0008083
Q8NH64	GO:0004984
Q9UK11	GO:0000978
O94782	GO:0004197
O94782	GO:0004843
Q5VVQ6	GO:0031625
Q5VVQ6	GO:0004843
Q70EL3	GO:0004843
Q9BQG1	GO:0005509
Q9BQG1	GO:0019905
Q9BQG1	GO:0005544
A1YPR0	GO:0000978
Q9BZE0	GO:0000978
Q9BR84	GO:0001227
Q9UBD9	GO:0008083
Q9GZM8	GO:0008017
Q9Y2G7	GO:0000978
P0DPD5	GO:0000978
Q8TEB7	GO:0061630
Q5VTM2	GO:0005096
Q5VTM2	GO:0003924
Q9H161	GO:0001228
P22612	GO:0004674
P35713	GO:0001228
P35713	GO:0000978
Q14978	GO:0046982
Q96BH1	GO:0061630
P43354	GO:0000978
Q15569	GO:0004674
Q9UI30	GO:0046982
Q16820	GO:0004222
P68363	GO:0031625
P68363	GO:0003725
P68363	GO:0005525
P68363	GO:0003924
Q9UNI1	GO:0004252
Q9UQ90	GO:0004222
P06331	GO:0034987
Q02386	GO:0000978
P41161	GO:0001228
Q9UHX1	GO:0045296
P00367	GO:0005525
Q7LBE3	GO:0005254
Q9NZC2	GO:0001540
Q15434	GO:0003730
Q16878	GO:0008270
O15111	GO:0004674
O15111	GO:0046982
Q9NU19	GO:0005096
Q9ULC3	GO:0003924
P27448	GO:0004674
Q9UJW8	GO:0001227
P32121	GO:0031625
O15372	GO:0003743
P61024	GO:0043130
Q969V1	GO:0008528
A6NMS3	GO:0004984
Q5HYI8	GO:0003924
Q9Y2T3	GO:0008270
O14640	GO:0005109
Q8NGL3	GO:0004984
Q8IUR6	GO:0001228
P53999	GO:0003697
Q16763	GO:0061631
P50281	GO:0004222
P50281	GO:0004252
O60542	GO:0008083
Q9P035	GO:0005096
Q9UG63	GO:0005524
P10244	GO:0001228
P10244	GO:0000978
A6NIE9	GO:0004252
Q14586	GO:0001228
Q14586	GO:0000978
Q99714	GO:0000049
Q9NPG1	GO:0030165
Q9C030	GO:0061630
P03905	GO:0008137
A0A1B0GVX0	GO:0008270
O75333	GO:0000978
O95222	GO:0004984
A6NI79	GO:0008017
Q9BYV6	GO:0061630
Q9UH03	GO:0003924
P50549	GO:0001228
P50549	GO:0000978
Q9NS61	GO:0005509
Q8NGR1	GO:0004984
Q5SGD2	GO:0004722
P52747	GO:0001228
P52747	GO:0000978
P40617	GO:0005525
Q8IYA7	GO:0000978
O95999	GO:0031625
O95999	GO:0002020
P13726	GO:0004896
P13726	GO:0002020
P13726	GO:0004252
P17483	GO:0000978
Q13546	GO:0031625
Q13546	GO:0004674
Q96SK3	GO:0000978
Q9HCK0	GO:0001227
Q9HCK0	GO:0000978
O15520	GO:0008083
P38936	GO:0031625
Q494W8	GO:0005231
Q494W8	GO:1904315
Q13606	GO:0004984
P19875	GO:0008009
Q6EMK4	GO:0045296
A4D2G3	GO:0004984
Q8N100	GO:0000978
P31415	GO:0005509
Q68CJ6	GO:0003924
P67812	GO:0004252
Q5D0E6	GO:0000049
P08195	GO:0003725
P08195	GO:0045296
O75360	GO:0000978
Q09FC8	GO:0000978
Q9UBX2	GO:0001228
Q9UBX2	GO:0000978
Q9UPZ9	GO:0004674
Q9UPZ9	GO:0005524
Q9BW83	GO:0005525
Q9BW83	GO:0003924
P09172	GO:0005507
O76021	GO:0003730
O76021	GO:0045296
Q15848	GO:0005179
Q86WT6	GO:0061630
Q8NHL6	GO:0001540
P43681	GO:0005231
P43681	GO:1904315
Q96ED9	GO:0008017
P63000	GO:0005525
P63000	GO:0003924
P68104	GO:0003924
P68104	GO:0005525
P68104	GO:0000049
Q8ND82	GO:0000978
P57073	GO:0000978
Q8NGG0	GO:0004984
P00813	GO:0008270
Q13887	GO:0001228
Q13887	GO:0000978
O15060	GO:0001227
O15060	GO:0000978
P49959	GO:0045296
Q86UX6	GO:0004674
P22459	GO:0005249
P38405	GO:0003924
Q5SY16	GO:0005524
P07550	GO:0001540
Q9NP78	GO:0005524
O75716	GO:0004674
Q99593	GO:0000978
Q99593	GO:0061629
Q9BRP0	GO:0000978
Q7Z3K6	GO:0042826
P06241	GO:0004713
P07437	GO:0031625
P07437	GO:0005525
P35348	GO:0046982
Q96LJ8	GO:0043130
Q96GE6	GO:0005509
P78317	GO:0061630
Q7L1Q6	GO:0045296
Q12980	GO:0005096
Q12797	GO:0005509
Q8IU57	GO:0004896
P07355	GO:0005509
P07355	GO:0004867
P07355	GO:0005544
P07355	GO:0005546
P07355	GO:0002020
Q00604	GO:0005109
P58182	GO:0004984
Q9BS31	GO:0000978
P07947	GO:0004713
P35613	GO:0045296
Q9P1W9	GO:0004674
Q8NGS3	GO:0004984
Q8TEA1	GO:0000049
Q6IFN5	GO:0004984
P39877	GO:0005509
Q8TDB6	GO:0061630
Q9Y271	GO:0008528
Q9H611	GO:0005524
Q9H2J7	GO:0015171
Q96NX9	GO:0000978
Q03113	GO:0003924
P40616	GO:0005525
P40616	GO:0003924
P42892	GO:0004222
P42892	GO:0008270
Q13509	GO:0005525
P49589	GO:0005524
P49589	GO:0000049
P57723	GO:0003730
P18825	GO:0046982
O00167	GO:0004725
Q9UBK2	GO:0031625
P53567	GO:0001228
P53567	GO:0000978
Q08257	GO:0003730
Q6ZSY5	GO:0019903
Q15650	GO:0002020
P13861	GO:0031625
P55289	GO:0005509
P55289	GO:0045296
P61371	GO:0061629
P49888	GO:0008146
Q13825	GO:0003730
Q8N8J6	GO:0001228
Q8N8J6	GO:0000978
Q00534	GO:0005524
Q14247	GO:0045296
Q9HC98	GO:0031625
Q9HC98	GO:0004674
Q9HC98	GO:0005524
Q9HD36	GO:0005509
Q9HD36	GO:0046982
Q8TBZ6	GO:0000049
P49821	GO:0008137
P07384	GO:0005509
O00755	GO:0005109
Q13651	GO:0004896
Q9BW11	GO:0000978
Q8IV42	GO:0000049
Q86U70	GO:0061629
P56705	GO:0005109
P15336	GO:0001228
P15336	GO:0000978
P15336	GO:0061629
A0A087WYE8	GO:0034987
P48740	GO:0005509
P48740	GO:0004252
Q15286	GO:0005546
Q15286	GO:0005525
Q15286	GO:0003924
Q9Y3C5	GO:0008270
Q9Y3C5	GO:0061630
Q07960	GO:0005096
Q07960	GO:0045296
Q07960	GO:0031267
Q8NGL2	GO:0004984
P10144	GO:0004252
Q7Z419	GO:0061630
P10072	GO:0001227
Q14994	GO:0001228
Q14994	GO:0000978
P06744	GO:0031625
A8MTJ3	GO:0003924
O75131	GO:0004674
O75131	GO:0030971
O75131	GO:0005544
P29622	GO:0004867
P02743	GO:0005509
Q6ZMZ0	GO:0061630
Q6ZMZ0	GO:0043130
P48547	GO:0005249
Q15126	GO:0005524
Q9UJ90	GO:0005249
Q13835	GO:0045296
Q8N5S9	GO:0004674
O75955	GO:0002020
Q9H5I1	GO:0008270
Q8TDX5	GO:0008270
Q6P3S1	GO:0005085
Q15744	GO:0001228
Q15744	GO:0000978
P35610	GO:0015485
P09067	GO:0000978
Q00535	GO:0008017
Q00535	GO:0004674
Q9UJ96	GO:0005249
Q15046	GO:0000049
O75604	GO:0031625
O75604	GO:0004197
O75604	GO:0004843
P13378	GO:0001228
Q86U17	GO:0004867
P14679	GO:0005507
Q96BM1	GO:1990756
Q02747	GO:0005179
Q14003	GO:0005249
Q96DD0	GO:0004722
Q8TF76	GO:0005524
P19532	GO:0000978
P11182	GO:0031625
Q8N127	GO:0004984
P41586	GO:0008528
Q8N884	GO:0005546
A0A0C4DH43	GO:0034987
P36952	GO:0004867
Q9NR34	GO:0005509
P43364	GO:0042826
Q8NB42	GO:0000978
Q86Y25	GO:0000978
O43678	GO:0008137
P04792	GO:0061629
Q8NB16	GO:0004674
Q8NB16	GO:0005524
Q969Q1	GO:0061630
A6NIJ9	GO:0004984
P49448	GO:0005525
P18846	GO:0001228
P18846	GO:0000978
P15622	GO:0000978
P23921	GO:0005524
Q9UJC3	GO:0008017
Q9UDY6	GO:0061630
Q8NGD1	GO:0004984
P27540	GO:0061629
P27540	GO:0000978
P27540	GO:0046982
Q9UIS9	GO:0008270
Q9NS39	GO:0003725
Q96RF0	GO:0005546
O75306	GO:0031625
O75306	GO:0008137
B4DU55	GO:0000978
Q9UBQ5	GO:0003743
Q96EF6	GO:0061630
O95747	GO:0004674
O95747	GO:0005524
P27361	GO:0004674
Q9HCL3	GO:0000978
P06307	GO:0005179
P56180	GO:0004725
Q6K0P9	GO:0031625
Q8NG66	GO:0004674
Q8NG66	GO:0005524
P09237	GO:0004222
P09237	GO:0004252
Q08209	GO:0005509
Q08209	GO:0004722
Q6P1L6	GO:0001227
B7ZLF3	GO:0000978
O14920	GO:0004674
O14920	GO:0046982
Q6UXL0	GO:0004896
Q13636	GO:0005525
Q13636	GO:0003924
O43924	GO:0031267
Q92560	GO:0004843
P16671	GO:0001540
Q9Y581	GO:0005179
Q9BT25	GO:0008017
P51116	GO:0003730
P51116	GO:0046982
P0CG04	GO:0034987
Q9BQE3	GO:0005525
Q496Y0	GO:0061630
P56703	GO:0005109
O95704	GO:0001540
Q13156	GO:0003697
Q9H2Z4	GO:0000978
Q7RTY3	GO:0004252
P33993	GO:0003697
Q9Y6F8	GO:0035064
Q9UBR1	GO:0008270
Q8N3J5	GO:0004722
Q8NBV8	GO:0005509
Q8NBV8	GO:0019905
Q8NBV8	GO:0005544
Q32P51	GO:0003730
P09871	GO:0004252
P05937	GO:0005509
P05937	GO:0008270
Q9NWD9	GO:0042826
A4D2B8	GO:0016887
O94810	GO:0005096
O94810	GO:0003924
Q8NAN2	GO:0046982
Q9UM63	GO:0001227
Q9UM63	GO:0001228
Q9UM63	GO:0000978
Q9UBR5	GO:0008009
P61956	GO:0031625
Q8TAC2	GO:0004843
Q8N7M2	GO:0000978
Q495T6	GO:0004222
Q9UEW8	GO:0004674
Q8NBP7	GO:0004252
Q8TAM1	GO:0061629
Q9Y265	GO:0016887
Q9Y265	GO:0045296
Q15365	GO:0045296
Q15365	GO:0003697
P61764	GO:0019905
Q9H313	GO:0005254
P09471	GO:0003924
Q15040	GO:0004843
Q9P0J7	GO:0061630
A6NK02	GO:0061630
Q8IYX1	GO:0005096
Q8IYX1	GO:0031267
Q5VT99	GO:0005249
O60479	GO:0000978
Q8TD94	GO:0000978
O95208	GO:0045296
P27037	GO:0004674
P27824	GO:0005509
Q7L1S5	GO:0008146
Q99502	GO:0004725
Q8N5X7	GO:0003743
P15882	GO:0005096
Q9H334	GO:0001227
Q9H334	GO:0000978
P11766	GO:0008270
Q13316	GO:0005509
O95744	GO:0016887
Q9NPF0	GO:0005509
Q9P0P8	GO:0000049
Q9UK13	GO:0000978
Q9NZL4	GO:0031625
Q96SC8	GO:0000978
Q8TD86	GO:0005509
Q8NGP3	GO:0004984
Q9UKS7	GO:0000978
Q9UN76	GO:0015171
O43187	GO:0004674
O43187	GO:0046982
Q05516	GO:0001227
Q05516	GO:0001228
Q05516	GO:0000978
Q9BUI4	GO:0003697
Q8NGS0	GO:0004984
Q9Y5R6	GO:0000978
Q8IXT2	GO:0000978
P05109	GO:0005509
P05109	GO:0008017
P05109	GO:0008270
Q9UK55	GO:0004867
P02652	GO:0046982
P02652	GO:0015485
P22301	GO:0008083
P28476	GO:0005254
P28476	GO:0005231
P28476	GO:1904315
P51149	GO:0005525
P51149	GO:0003924
Q9BR76	GO:0045296
Q8WUD1	GO:0005525
Q8WUD1	GO:0003924
P23919	GO:0005524
Q9UNN5	GO:0031625
Q9UNN5	GO:0043130
O95661	GO:0005525
O95661	GO:0003924
P17931	GO:0019903
P49761	GO:0004674
P49761	GO:0004713
Q9H221	GO:0016887
Q9H221	GO:0046982
Q9H221	GO:0005524
P20042	GO:0003743
Q15438	GO:0005085
P14618	GO:0045296
P06850	GO:0005179
P19474	GO:0061630
Q9UBR4	GO:0001228
Q9UBR4	GO:0061629
Q92990	GO:0031625
Q8WWF5	GO:0061630
O75822	GO:0003743
O43603	GO:0008528
P50148	GO:0005096
P50148	GO:0005525
P50148	GO:0003924
P28356	GO:0001227
P28356	GO:0000978
P07737	GO:0005546
P07737	GO:0045296
Q8IXJ6	GO:0008270
Q8IXJ6	GO:0042826
Q8IXJ6	GO:0043130
Q16676	GO:0000978
P15923	GO:0061629
P15923	GO:0001227
P15923	GO:0000978
P15923	GO:0046982
P15923	GO:0001228
Q9BRJ9	GO:0000978
P50876	GO:0061630
O75340	GO:0005509
O75340	GO:1990756
O95167	GO:0008137
O75952	GO:0017124
O75952	GO:0005509
Q6ZNG0	GO:0001227
Q9Y3I1	GO:0031625
Q9Y3I1	GO:0046982
Q9Y3I1	GO:1990756
Q9Y3I1	GO:0043130
P60568	GO:0008083
Q9UIH9	GO:0001228
Q9UIH9	GO:0000978
P03901	GO:0008137
Q969I6	GO:0015171
P10916	GO:0005509
A0A2R8Y4L6	GO:0004984
Q6ISB3	GO:0001228
Q6ISB3	GO:0000978
O60239	GO:0005085
P02647	GO:0015485
P02647	GO:0001540
Q06520	GO:0008146
P54652	GO:0016887
P54652	GO:0005524
O75346	GO:0000978
P17032	GO:0000978
Q6PEY2	GO:0005525
P13236	GO:0008009
Q86YE8	GO:0000978
Q9Y287	GO:0001540
Q9H6I2	GO:0001228
Q9H6I2	GO:0000978
Q9H6I2	GO:0061629
P20265	GO:0000978
O00716	GO:0001228
O00716	GO:0000978
Q8N7R0	GO:0000978
P01100	GO:0001228
P01100	GO:0000978
P01100	GO:0061629
Q92989	GO:0005524
Q9GZZ6	GO:0005231
Q9GZZ6	GO:1904315
P36405	GO:0008017
P36405	GO:0005525
P08238	GO:0042826
P08238	GO:0031625
P08238	GO:0016887
P08238	GO:0005524
P08238	GO:0003725
P08238	GO:0045296
O14896	GO:0000978
Q8IZ26	GO:0000978
P55290	GO:0005509
P55290	GO:0045296
Q17RY0	GO:0003730
Q17RY0	GO:0043022
Q5SQQ9	GO:0000978
Q9BZB8	GO:0003730
Q9BZB8	GO:0043022
Q70CQ3	GO:0004197
Q70CQ3	GO:0004843
P26639	GO:0008270
P26639	GO:0005524
P41970	GO:0001227
P41970	GO:0001228
P41970	GO:0000978
Q3KNS6	GO:0000978
P46459	GO:0030165
P46459	GO:0016887
Q96LW9	GO:0000978
Q12905	GO:0003725
Q9ULB4	GO:0005509
Q9ULB4	GO:0045296
Q9UH92	GO:0001227
Q9UH92	GO:0000978
Q9UH92	GO:0046982
Q9UH92	GO:0061629
Q96JN0	GO:0042826
O43353	GO:0004674
P30101	GO:0004197
Q9BVK8	GO:0043022
P22303	GO:0001540
P47870	GO:0005254
P47870	GO:0005231
P47870	GO:1904315
P62745	GO:0005525
P62745	GO:0003924
O75317	GO:0004197
O75317	GO:0004843
P15153	GO:0005525
P15153	GO:0003924
Q9NQL2	GO:0005525
Q9NQL2	GO:0046982
Q9NQL2	GO:0003924
Q9NVJ2	GO:0005525
Q9NVJ2	GO:0003924
Q96SD1	GO:0003684
Q15758	GO:0015171
P49765	GO:0008083
Q9NPA2	GO:0004222
Q8NGD5	GO:0004984
P34998	GO:0008528
Q86U44	GO:0046982
Q86X95	GO:0042826
O95772	GO:0015485
P61018	GO:0005525
P61018	GO:0003924
Q9NY99	GO:0030165
Q9BZX4	GO:0046982
Q9Y2V2	GO:0003730
Q9UNZ2	GO:0043130
Q9NUQ9	GO:0031267
O43709	GO:0046982
Q14332	GO:0030165
Q15645	GO:0005524
P62256	GO:0061631
Q8WYH8	GO:0035064
Q96M98	GO:0031625
P05408	GO:0005525
Q8IWB7	GO:0008270
P25815	GO:0045296
P25815	GO:0005509
P06396	GO:0005546
P06396	GO:0005509
Q9NZI6	GO:0001228
Q9NZI6	GO:0000978
Q96S44	GO:0004674
P17039	GO:0000978
Q12798	GO:0005509
Q5DT21	GO:0004867
Q8N8N7	GO:0008270
P61296	GO:0001228
Q13609	GO:0005509
Q3ZCQ8	GO:0004722
Q3ZCQ8	GO:0004725
P41235	GO:0000978
Q9BQA5	GO:0001228
Q9BQA5	GO:0000978
P00750	GO:0004252
P78560	GO:0002020
Q8IV01	GO:0005509
Q8IV01	GO:0019905
Q8IV01	GO:0005544
Q5JUX0	GO:0035064
Q969G2	GO:0001228
Q9NPC8	GO:0000978
P98077	GO:0030971
O00483	GO:0008137
Q8NC26	GO:0000978
Q9NRQ2	GO:0005509
P01730	GO:0008270
P24386	GO:0031267
Q14061	GO:0005507
P62993	GO:0017124
Q9H089	GO:0005525
Q9H089	GO:0003924
Q9NYN1	GO:0005525
Q9NYN1	GO:0003924
Q9NZK7	GO:0005509
Q8NCE2	GO:0004722
Q5T197	GO:0061630
Q92777	GO:0005524
Q96SR6	GO:0000978
A6NL46	GO:0005509
Q01113	GO:0004896
Q9NP61	GO:0005096
P50221	GO:0000978
P32243	GO:0001228
P32243	GO:0000978
Q9NR81	GO:0005085
P05412	GO:0061629
P05412	GO:0031625
P05412	GO:0001227
P05412	GO:0000978
P05412	GO:0005096
P05412	GO:0001228
Q147U1	GO:0001227
Q96QV1	GO:0008270
Q9NXS2	GO:0008270
Q96CS4	GO:0000978
P61006	GO:0005525
P61006	GO:0003924
P52739	GO:0001227
P52739	GO:0000978
Q3KR16	GO:0005085
Q8N7E2	GO:0061630
P09093	GO:0004252
Q86YS6	GO:0003924
P32320	GO:0008270
Q9Y2V3	GO:0001228
Q9Y2V3	GO:0000978
P27482	GO:0005509
Q3KQV3	GO:0000978
Q9NZT1	GO:0005509
P56202	GO:0004197
P27986	GO:0019903
O00471	GO:0031267
O75382	GO:0061630
Q8N6H7	GO:0005096
Q9HBT7	GO:0000978
Q96A37	GO:0061630
Q9NQX1	GO:0001227
Q9NQX1	GO:0000978
P15863	GO:0000978
Q9HA77	GO:0005524
P31689	GO:0031625
Q8NI29	GO:0061630
P36021	GO:0015171
Q6IBS0	GO:0045296
Q6IBS0	GO:0005524
P40424	GO:0000978
Q16143	GO:0005509
Q9H0H5	GO:0005096
Q9H0H5	GO:0008017
A6NMZ2	GO:0005509
Q96RK4	GO:0061629
P18754	GO:0046982
P18754	GO:0005085
P18754	GO:0031267
Q9Y6J8	GO:0019903
Q9BUA6	GO:0005509
Q14680	GO:0005509
Q14680	GO:0004674
Q86SG6	GO:0004674
Q9H115	GO:0019905
Q96G74	GO:0004843
Q9BVG3	GO:0061630
Q9Y5S8	GO:0031267
P78362	GO:0004674
P78362	GO:0005524
P31274	GO:0000978
Q15293	GO:0005509
Q9H4A4	GO:0008270
P32519	GO:0001228
P32519	GO:0000978
Q7L2H7	GO:0003743
Q03519	GO:0005524
Q8WUW1	GO:0031267
Q9Y6I4	GO:0004843
Q8N2W9	GO:0031625
Q8N2W9	GO:0008270
Q7Z340	GO:0000978
Q8TAT6	GO:0031625
Q8TAT6	GO:0043130
Q16644	GO:0004674
Q8TF71	GO:0015171
Q99759	GO:0004674
Q01860	GO:0001227
Q01860	GO:0000978
Q01860	GO:0031625
Q9Y6N8	GO:0005509
Q9Y6N8	GO:0045296
Q12891	GO:0030971
Q8NDY6	GO:0000978
O14829	GO:0004722
O75398	GO:0001227
Q9P0G3	GO:0004252
P52434	GO:0003697
P29350	GO:0004725
P15172	GO:0001228
P15172	GO:0000978
Q9BTU6	GO:0005524
Q9H8G1	GO:0000978
Q99829	GO:0005509
Q99829	GO:0005544
O95750	GO:0008083
P30533	GO:0001540
O43805	GO:0008017
Q8N344	GO:0042826
P19801	GO:0005509
P19801	GO:0008270
P19801	GO:0005507
P18848	GO:0001228
P18848	GO:0061629
Q9HCY8	GO:0005509
O95096	GO:0000978
P43405	GO:0004674
P43405	GO:0004713
Q8NHC5	GO:0004984
Q6UX06	GO:0045296
Q9H5V7	GO:0001227
Q9H5V7	GO:0008270
Q9H5V7	GO:0000978
Q6UVY6	GO:0005507
O15492	GO:0005096
O15492	GO:0003924
Q8IV61	GO:0005096
Q8IV61	GO:0005509
Q8IV61	GO:0005085
Q9BYT3	GO:0004674
O95453	GO:0003730
Q92522	GO:0045296
Q7RTY5	GO:0004252
Q7Z5H3	GO:0005096
Q99578	GO:0005525
Q99578	GO:0003924
Q9BS34	GO:0000978
A0A0J9YW62	GO:0034987
Q92858	GO:0000978
O15212	GO:0001540
Q8TCB6	GO:0004984
O95231	GO:0001228
O95231	GO:0000978
Q9Y225	GO:0061630
O43823	GO:0042826
Q01167	GO:0000978
Q01167	GO:0001228
P43119	GO:0005085
O60934	GO:0003684
P53779	GO:0004674
P49770	GO:0005524
P49770	GO:0005525
P49770	GO:0005085
P49770	GO:0003743
O95833	GO:0005254
O94776	GO:0042826
O94776	GO:0061629
Q9UGM1	GO:0005231
Q9UGM1	GO:1904315
P50553	GO:0001227
P50553	GO:0000978
P30532	GO:0005231
P30532	GO:1904315
O14958	GO:0005509
Q9NP72	GO:0003924
A8MQ27	GO:0061630
Q9UJS0	GO:0005509
A8MTI9	GO:0004252
P51511	GO:0004222
Q14582	GO:0000978
Q86YQ8	GO:0005544
Q8N431	GO:0005085
Q9H2S5	GO:0061630
P31644	GO:0005254
P31644	GO:0005231
P31644	GO:1904315
Q96R27	GO:0004984
Q8TDN1	GO:0005249
Q02750	GO:0004674
Q15599	GO:0045296
Q9UNY5	GO:0000978
Q8IW41	GO:0004674
P46199	GO:0003743
O14561	GO:0005509
Q00536	GO:0004674
P06858	GO:0005509
P09629	GO:0001228
P09629	GO:0000978
Q9UL26	GO:0005525
Q9UL26	GO:0003924
Q16600	GO:0001227
Q16600	GO:0000978
Q6PEY1	GO:0030165
Q96LB8	GO:0046982
Q9BZS1	GO:0001227
Q9BZS1	GO:0000978
Q9BZS1	GO:0042826
A8MTQ0	GO:0000978
Q8WXA3	GO:0017124
Q9Y2Z4	GO:0005524
Q9Y2Z4	GO:0000049
O15226	GO:0001228
O15226	GO:0000978
Q15067	GO:0030165
Q8TF68	GO:0001228
Q8TF68	GO:0000978
O15522	GO:0001228
O15522	GO:0000978
P31271	GO:0000978
Q15057	GO:0005096
P51452	GO:0030971
P51452	GO:0004725
Q14088	GO:0005525
Q14088	GO:0003924
Q9UHD8	GO:0045296
Q9UHD8	GO:0003924
Q92630	GO:0004713
Q92630	GO:0004674
Q92630	GO:0005524
P04049	GO:0004674
P04049	GO:0031267
P55327	GO:0005509
Q07812	GO:0046982
P19793	GO:0008270
P19793	GO:0000978
P13498	GO:0017124
P13498	GO:0046982
Q9BZM2	GO:0005509
P08218	GO:0004252
Q8IYX4	GO:0003730
A0A1B0GUS4	GO:0031625
A0A1B0GUS4	GO:0061631
P49675	GO:0015485
P61073	GO:0031625
P61073	GO:0043130
Q04759	GO:0004674
P41221	GO:0005109
O94993	GO:0000978
Q9NPF8	GO:0005096
Q8IYW5	GO:0043130
P43268	GO:0001228
P43268	GO:0000978
Q8NH59	GO:0004984
Q3MJ62	GO:0000978
Q7L8S5	GO:0004843
Q9Y6M4	GO:0004674
Q8WU17	GO:0061630
Q8WU17	GO:0002020
P42166	GO:0045296
Q9UJN7	GO:0001227
Q9NP62	GO:0001228
Q9NP62	GO:0000978
Q9NP62	GO:0042826
Q96BA8	GO:0001227
Q96D15	GO:0005509
P53990	GO:0045296
Q2TV78	GO:0030971
Q8N6M0	GO:0004843
Q6DD88	GO:0005525
Q6DD88	GO:0003924
P43356	GO:0031625
P43356	GO:0042826
P25705	GO:0005524
Q68DV7	GO:0005109
Q68DV7	GO:0061630
O95476	GO:0004722
Q92949	GO:0000978
P15884	GO:0000978
Q9GZZ9	GO:0008270
P41567	GO:0003743
Q86VX9	GO:0005085
Q5T4W7	GO:0008083
Q99717	GO:0031625
Q99717	GO:0000978
Q9NZL3	GO:0001227
Q9NZL3	GO:0001228
Q9NZL3	GO:0000978
Q9H7Z6	GO:0035064
Q9H7Z6	GO:0061629
Q9H078	GO:0016887
P84074	GO:0005509
Q5TGU0	GO:0015485
Q14863	GO:0001227
Q14863	GO:0000978
Q9H853	GO:0005525
P57727	GO:0004252
Q13330	GO:0000978
Q13330	GO:0042826
Q13330	GO:0061629
P60484	GO:0030165
P60484	GO:0004722
P60484	GO:0004725
Q8N895	GO:0000978
Q13686	GO:0000049
P30679	GO:0005525
P30679	GO:0003924
P00739	GO:0004252
Q8N1C3	GO:0005254
Q8N1C3	GO:0005231
Q8N1C3	GO:1904315
Q5M7Z0	GO:0061630
Q5M7Z0	GO:0043130
P22676	GO:0005509
A0A075B7F0	GO:0034987
Q6PF04	GO:0000978
P16860	GO:0005179
Q8N2K1	GO:0031625
Q8N2K1	GO:0061631
Q7Z6J8	GO:0061630
P13631	GO:0000978
P51965	GO:0061631
A6NET4	GO:0004984
P42331	GO:0005096
Q9GZV1	GO:0061629
Q9H9A6	GO:0004722
P0DN80	GO:0004984
Q9UI10	GO:0005085
Q9UI10	GO:0003743
Q9Y2P7	GO:0000978
Q8N5G2	GO:0008017
Q5JT25	GO:0003924
P78367	GO:0000978
Q8NGG4	GO:0004984
Q8N9B8	GO:0005085
Q9BUF7	GO:0017124
P20823	GO:0000978
Q96BR6	GO:0001227
Q9H999	GO:0005524
Q16181	GO:0045296
Q16181	GO:0003924
Q99811	GO:0000978
P46109	GO:0061629
P46109	GO:0045296
P46109	GO:0030971
P35232	GO:0042826
P35232	GO:0046982
Q9P2N2	GO:0005096
O00311	GO:0004674
O60882	GO:0004222
Q86V71	GO:0000978
P04054	GO:0005509
Q12837	GO:0001228
Q12837	GO:0000978
Q9GZQ8	GO:0031625
Q9GZQ8	GO:0008017
Q6PIV2	GO:0001227
Q6PIV2	GO:0001228
P08887	GO:0004896
A6NDR6	GO:0001228
A6NDR6	GO:0000978
Q9P0J1	GO:0004722
O43236	GO:0005525
O43236	GO:0003924
P0DOY3	GO:0034987
Q9Y4C5	GO:0008146
Q70Z44	GO:0005231
Q70Z44	GO:1904315
O14618	GO:0045296
O14618	GO:0005507
Q96R54	GO:0004984
P29460	GO:0004896
P29460	GO:0046982
P29460	GO:0008083
P50995	GO:0005509
O15105	GO:0031625
Q7RTU4	GO:0046982
Q9BYE0	GO:0000978
Q96B23	GO:0061630
O75602	GO:0008017
P37840	GO:0008270
P37840	GO:0005509
P37840	GO:0005507
Q5NE16	GO:0004197
Q9H082	GO:0005525
Q9H082	GO:0003924
Q9NZI8	GO:0003730
Q8TDD2	GO:0000978
O43676	GO:0008137
Q9Y2D1	GO:0001228
Q8NGY6	GO:0004984
P17544	GO:0000978
Q9Y679	GO:0031625
Q9Y679	GO:0043130
Q96PQ6	GO:0000978
O95718	GO:0000978
P31749	GO:0004674
P31749	GO:0005524
Q9UQ80	GO:0031625
P34897	GO:0008270
Q96RD0	GO:0004984
Q9Y6U7	GO:0061630
Q8TAF3	GO:0003697
Q8TAF3	GO:0043130
Q15796	GO:0031625
Q15796	GO:0001228
Q15796	GO:0000978
Q96SF7	GO:0000978
Q9NP86	GO:0005509
Q9ULZ9	GO:0004222
O60431	GO:0004984
Q9UNK0	GO:0019905
Q96HZ4	GO:0000978
P78310	GO:0030165
P24046	GO:0005254
P24046	GO:0005231
P24046	GO:1904315
Q99684	GO:0001227
Q99684	GO:0000978
Q8N7J2	GO:0005546
Q8WVD3	GO:0061630
Q8WVD3	GO:0003697
O75676	GO:0004674
O75676	GO:0005524
O43638	GO:0000978
A0A1B0GW35	GO:0005546
Q9H2R5	GO:0004252
O15350	GO:0001228
O15350	GO:0000978
O15350	GO:0061629
Q96BI1	GO:0031625
P49789	GO:0031625
Q13351	GO:0000978
Q00978	GO:0000978
Q86VW0	GO:0005546
P55285	GO:0005509
P55285	GO:0045296
Q9H0E7	GO:0004843
O15525	GO:0000978
O15519	GO:0002020
O94905	GO:0031625
O94905	GO:0015485
A0A0G2JNH3	GO:0004984
O00764	GO:0008270
O00764	GO:0005524
P48551	GO:0004896
Q8NHC7	GO:0004984
Q9BX46	GO:0003730
Q9HC52	GO:0035064
Q9H172	GO:0016887
Q9H172	GO:0046982
P62987	GO:0031625
Q9H342	GO:0004984
O95202	GO:0005509
Q99653	GO:0005509
Q9BY44	GO:0045296
Q9BY44	GO:0043022
Q9BY44	GO:0000049
Q9BY44	GO:0003743
Q9Y232	GO:0035064
Q96PM9	GO:0003730
Q96PP8	GO:0005525
Q96PP8	GO:0003924
Q8NGQ4	GO:0004984
Q12933	GO:0031625
Q12933	GO:0019903
Q96JP0	GO:1990756
P02649	GO:0001540
P28799	GO:0008083
Q7Z2H8	GO:0015171
P27169	GO:0005509
Q8NHA8	GO:0004984
P50616	GO:0030971
P26441	GO:0008083
Q9BPX6	GO:0005509
Q9BPX6	GO:0046982
Q9UL45	GO:0019905
P53667	GO:0004674
Q07666	GO:0017124
Q7L5Y6	GO:0031625
Q7L5Y6	GO:1990756
P40394	GO:0008270
Q9Y2Q5	GO:0005085
P78356	GO:0005525
P78356	GO:0005524
P31751	GO:0004674
P31751	GO:0005524
Q9Y663	GO:0008146
Q15937	GO:0001227
Q7L523	GO:0005525
Q7L523	GO:0031625
Q7L523	GO:0046982
Q7L523	GO:0003924
P08697	GO:0002020
P08697	GO:0004867
Q86YH2	GO:0000978
O95677	GO:0004725
P17028	GO:0001228
P17028	GO:0000978
Q8NGG7	GO:0004984
P17098	GO:0008270
P17098	GO:0000978
Q9UL58	GO:0000978
P63104	GO:0031625
P63104	GO:0045296
P43362	GO:0042826
P22894	GO:0004222
P22894	GO:0008270
P22894	GO:0004252
Q6ECI4	GO:0000978
A0A0J9YX35	GO:0034987
P04196	GO:0008270
P04196	GO:0004867
Q06416	GO:0000978
Q9UFB7	GO:0000978
Q08188	GO:0005509
Q9UBD3	GO:0008009
Q5TDH0	GO:0043130
P07948	GO:0004713
Q14565	GO:0003697
Q9BQI0	GO:0005509
P14859	GO:0000978
Q9Y2D9	GO:0000978
Q96GD4	GO:0004674
Q969F8	GO:0008528
O95201	GO:0008270
O95201	GO:0000978
Q15102	GO:0046982
Q9Y385	GO:0031625
Q9Y385	GO:0061631
Q9H8N7	GO:0001228
Q9H8N7	GO:0000978
P21580	GO:0002020
P21580	GO:0004843
P21580	GO:0043130
Q15382	GO:0005525
Q15382	GO:0003924
P50222	GO:0001228
P50222	GO:0000978
Q16559	GO:0000978
Q86V25	GO:0008017
P40337	GO:1990756
Q5VV41	GO:0030971
Q5VV41	GO:0030165
Q5VV41	GO:0005085
Q5VV41	GO:0031267
Q5VV41	GO:0045296
Q9UJ41	GO:0005085
Q9UJ41	GO:0031267
Q9UPQ4	GO:0061630
Q9C0H2	GO:0005254
P60891	GO:0005524
Q13356	GO:0061630
Q8IXL6	GO:0004674
Q8IXL6	GO:0002020
P21796	GO:0015485
Q96MK3	GO:0004674
O76050	GO:0061630
Q8NHJ6	GO:0019903
P41208	GO:0005509
Q14213	GO:0004896
P0CE71	GO:0005509
Q99619	GO:1990756
P78552	GO:0004896
P15880	GO:0045296
Q16718	GO:0008137
Q8N119	GO:0004222
A0A087X179	GO:0005096
O95551	GO:0003697
P19404	GO:0008137
Q6NUN9	GO:0001227
Q6NUN9	GO:0000978
Q6NUN9	GO:0031625
Q14257	GO:0005509
P22362	GO:0008009
Q8NGP9	GO:0004984
P35269	GO:0019903
Q8N370	GO:0015171
P19235	GO:0004896
P42229	GO:0000978
O94892	GO:0000978
O14610	GO:0003924
Q9Y240	GO:0008083
Q8N8V2	GO:0005525
Q8N8V2	GO:0003924
O75541	GO:0000978
Q99853	GO:0000978
O00506	GO:0004674
P08311	GO:0004252
Q9UHY1	GO:0004674
O14770	GO:0001228
O14770	GO:0000978
A8MUV8	GO:0000978
P63252	GO:0005546
P31249	GO:0001228
P31249	GO:0000978
Q8NGJ0	GO:0004984
Q9NUU6	GO:0043130
Q9H4B4	GO:0004674
Q9HCP0	GO:0004674
Q8NDX6	GO:0000978
Q9C0J9	GO:0001227
Q9C0J9	GO:0000978
Q9C0J9	GO:0046982
P58872	GO:0004252
Q9BUN8	GO:0031625
Q9BUN8	GO:0002020
Q8N1B4	GO:0019905
Q9H0U4	GO:0005525
Q9H0U4	GO:0003924
P48741	GO:0031625
P48741	GO:0016887
P48741	GO:0005524
O95393	GO:0005179
P10747	GO:0002020
Q86WV6	GO:0061629
O14627	GO:0001228
O14627	GO:0000978
P03891	GO:0008137
A0A1W2PN81	GO:0005231
A0A1W2PN81	GO:1904315
P29508	GO:0002020
P29508	GO:0004867
P53778	GO:0004674
P51970	GO:0008137
Q14CB8	GO:0005096
P08709	GO:0004252
P18085	GO:0005525
P18085	GO:0005085
P18085	GO:0003924
Q16254	GO:0001228
Q16254	GO:0000978
Q9BUP3	GO:0004674
Q04917	GO:0046982
O15535	GO:0000978
Q96HU1	GO:0005096
Q96HU1	GO:0031267
P52566	GO:0031267
P52566	GO:0003924
P28324	GO:0001228
P28324	GO:0000978
O00327	GO:0000978
A6NK53	GO:0000978
Q9NSD5	GO:0015171
Q96LI6	GO:0000978
Q05BQ5	GO:0035064
O14867	GO:0001227
O14867	GO:0000978
O43763	GO:0001228
O43763	GO:0000978
P61812	GO:0001540
Q9UKD1	GO:0000978
P11021	GO:0031625
P11021	GO:0005509
P11021	GO:0005524
P11021	GO:0016887
P11021	GO:0045296
Q92908	GO:0000978
P0C264	GO:0004674
O43918	GO:0008270
P06703	GO:0005509
Q92845	GO:0019903
O43752	GO:0019905
Q9H9H5	GO:0008017
Q8N8S7	GO:0017124
O95429	GO:0031625
Q9NR55	GO:0001227
Q9NR55	GO:0000978
Q6PG37	GO:0000978
P40121	GO:0005546
P40121	GO:0045296
Q6UWN8	GO:0004867
A6NHJ4	GO:0000978
Q13077	GO:0031625
P13725	GO:0008083
Q15306	GO:0001228
Q15306	GO:0000978
Q9NVV9	GO:0001227
Q9NVV9	GO:0008270
Q9NVV9	GO:0000978
P36542	GO:0016887
P07711	GO:0004197
Q8N6T3	GO:0005096
Q5H9I0	GO:0061629
P43007	GO:0005254
P43007	GO:0015171
A6NJL1	GO:0000978
Q9BVA0	GO:0008017
Q9BVA0	GO:0046982
P42685	GO:0004713
P19086	GO:0003924
O14966	GO:0005525
O14966	GO:0031267
O14966	GO:0003924
Q5T2W1	GO:0030165
P49116	GO:0001228
P49116	GO:0000978
P26447	GO:0005509
Q06481	GO:0004867
Q9UKT9	GO:0042826
Q9UKT9	GO:0000978
Q9UKT9	GO:0046982
Q9UKT9	GO:0001228
Q9BYZ8	GO:0005509
Q01344	GO:0004896
Q8N4N8	GO:0016887
Q8N4N8	GO:0008017
Q9NSJ1	GO:0000978
P80162	GO:0008009
A0A0B4J1X8	GO:0034987
Q14781	GO:0035064
O75746	GO:0005509
P62837	GO:0061630
P62837	GO:0061631
P04198	GO:0001228
P04198	GO:0000978
P19525	GO:0003725
P19525	GO:0004674
A6NM28	GO:0000978
Q9C019	GO:0061630
P02656	GO:0015485
Q9ULZ1	GO:0005179
Q9NR50	GO:0005085
Q9NR50	GO:0003743
P55347	GO:0000978
Q9C037	GO:0061630
Q9Y295	GO:0008017
Q9Y295	GO:0005525
Q9Y295	GO:0003924
P61019	GO:0005525
P61019	GO:0003924
Q2HXU8	GO:0019903
Q92753	GO:0000978
Q04844	GO:0005231
Q04844	GO:1904315
Q9Y216	GO:0004725
Q9UPE1	GO:0004674
O15156	GO:0000978
Q9UJY5	GO:0031267
O43930	GO:0004674
O14901	GO:0000978
Q6ZNH5	GO:0000978
P17014	GO:0000978
Q8NDB2	GO:0002020
Q969R5	GO:0035064
Q15475	GO:0001228
Q15475	GO:0000978
Q9BPZ2	GO:0035064
Q13492	GO:0045296
Q13492	GO:0005546
Q13492	GO:0031267
Q13492	GO:0001540
O15355	GO:0004722
Q9UJU6	GO:0045296
P49902	GO:0005524
P00338	GO:0045296
Q9Y262	GO:0003743
O43246	GO:0015171
Q8TDF6	GO:0005085
P14784	GO:0004896
Q9UKC9	GO:0019903
Q99895	GO:0004252
P03923	GO:0008137
Q12950	GO:0000978
Q92624	GO:1990756
O14792	GO:0008146
Q02078	GO:0042826
Q02078	GO:0001228
Q02078	GO:0000978
Q02078	GO:0046982
Q02078	GO:0061629
P51522	GO:0000978
Q6UXR4	GO:0004867
P17861	GO:0046982
Q14590	GO:0000978
Q7L2R6	GO:0000978
Q6NXR0	GO:0003924
Q8NH94	GO:0004984
Q5PSV4	GO:0042826
Q8TD23	GO:0031625
Q8TD23	GO:0008270
Q8TD23	GO:0000978
O75084	GO:0030165
O75084	GO:0005109
O75084	GO:0005546
Q8N7G0	GO:0000978
Q5VV16	GO:0000978
P19784	GO:0004674
Q96JC4	GO:0000978
P52736	GO:0001227
Q9Y266	GO:0045296
Q8NGA0	GO:0004984
A0A0B4J1V7	GO:0034987
P20749	GO:0042826
Q8NG98	GO:0004984
Q9ULV8	GO:0017124
Q9ULV8	GO:0008270
Q9ULV8	GO:0061630
Q9ULV8	GO:0030971
Q13261	GO:0004896
P51114	GO:0003730
P51114	GO:0046982
Q92484	GO:0008270
Q9UKP3	GO:0008270
Q86XF7	GO:0000978
O15231	GO:0008270
O95196	GO:0008083
B2RXF5	GO:0000978
P31268	GO:0001228
P31268	GO:0000978
Q8NC60	GO:0005525
Q6ZV50	GO:0000978
Q92536	GO:0015171
P00748	GO:0004252
P21246	GO:0008083
Q9BQ31	GO:0005249
O14656	GO:0016887
O75820	GO:0000978
P51451	GO:0004713
Q9H553	GO:0046982
P62979	GO:0031625
Q5VZM2	GO:0005525
Q5VZM2	GO:0003924
Q9Y5J5	GO:0005546
P05556	GO:0046982
P05556	GO:0002020
P05556	GO:0045296
Q86VI4	GO:0031625
P31997	GO:0046982
Q8N336	GO:0005096
Q93063	GO:0046982
P51570	GO:0005524
Q01726	GO:0031625
Q01726	GO:0008528
P01282	GO:0005179
O75251	GO:0008137
Q6ZNG1	GO:0001228
Q6ZNG1	GO:0000978
Q9UBX0	GO:0001227
Q9UBX0	GO:0000978
Q9BRR9	GO:0005096
O60682	GO:0000978
P55774	GO:0008009
P48431	GO:0000978
Q658L1	GO:0008017
P20810	GO:0045296
P17022	GO:0000978
Q9UHB9	GO:0043022
Q9P272	GO:0000049
O75419	GO:0003697
P78562	GO:0004222
P78562	GO:0008270
P49716	GO:0000978
Q9UIV8	GO:0002020
Q9UIV8	GO:0004867
Q8WXD0	GO:0008528
Q9Y466	GO:0000978
Q6UW60	GO:0004252
P36507	GO:0030165
P36507	GO:0004674
O43318	GO:0004674
O43318	GO:0030971
O00180	GO:0005249
Q92985	GO:0000978
Q9Y5P1	GO:0004984
Q96LT7	GO:0005085
Q96LT7	GO:0031267
Q9UBJ2	GO:0016887
Q9UBJ2	GO:0005524
Q12884	GO:0002020
Q12884	GO:0004252
Q15722	GO:0008528
P33992	GO:0003697
Q8IXI1	GO:0005525
Q8IXI1	GO:0003924
O95125	GO:0001227
O95125	GO:0000978
Q96C10	GO:0003725
Q96C10	GO:0016887
Q96C10	GO:0008270
Q9NYW8	GO:0008270
O75840	GO:0001228
O75840	GO:0000978
O75840	GO:0008270
P61086	GO:0031625
P61086	GO:0061631
O14904	GO:0005109
Q9H3Y6	GO:0004713
P61916	GO:0015485
Q12947	GO:0001228
Q12947	GO:0000978
Q96CS3	GO:0031625
Q96CS3	GO:0043130
P10828	GO:0000978
Q8TF47	GO:0001227
Q9H2A3	GO:0000978
P36896	GO:0031625
P36896	GO:0004674
P36896	GO:0005524
Q14011	GO:0003730
Q9BVA1	GO:0005525
Q9BVA1	GO:0046982
A0A286YEU6	GO:0004984
Q16671	GO:0004674
Q9H2C8	GO:0004984
Q8IV76	GO:0000978
Q8N148	GO:0004984
Q9UI08	GO:0017124
Q6Q0C0	GO:0008270
Q3MIN7	GO:0005085
Q7RTS1	GO:0000978
Q14515	GO:0005509
P57771	GO:0005096
P57771	GO:0003924
P50454	GO:0004867
P05107	GO:0001540
P49757	GO:0045296
P35368	GO:0046982
P0C645	GO:0004984
Q9UKF2	GO:0008270
Q8IUY3	GO:0005546
Q9ULX5	GO:0008270
Q9ULX5	GO:0005525
Q9ULX5	GO:0003924
B1APH4	GO:0001227
Q5EBM4	GO:0000978
P54274	GO:0008017
P20963	GO:0046982
Q9P0L0	GO:0008017
Q9P0L0	GO:0046982
Q9P0L0	GO:0045296
P62070	GO:0005525
P62070	GO:0003924
Q06710	GO:0000978
Q8WV37	GO:0000978
P0CG24	GO:0000978
Q9BR09	GO:0061630
P48050	GO:0030165
P00738	GO:0004252
Q15940	GO:0000978
P21757	GO:0001540
Q05639	GO:0003924
Q9P055	GO:0031625
Q8WVY7	GO:0004722
O15527	GO:0003684
Q9BXS6	GO:0008017
Q96P31	GO:0019903
Q03933	GO:0001228
Q03933	GO:0000978
P35070	GO:0008083
P13716	GO:0008270
P35237	GO:0002020
P35237	GO:0004867
Q86WZ6	GO:0001228
Q86WZ6	GO:0000978
O43852	GO:0005509
Q14849	GO:0015485
Q75N03	GO:0061630
Q5T2T1	GO:0045296
P06870	GO:0004252
P13640	GO:0008270
Q969K3	GO:0031625
Q969K3	GO:0061630
Q8NH79	GO:0004984
P23327	GO:0005509
P39905	GO:0008083
P07602	GO:0002020
P28072	GO:0045296
P17568	GO:0008137
Q9UIU6	GO:0000978
O75123	GO:0000978
P15260	GO:0004896
O15151	GO:0008270
Q9H255	GO:0004984
P31371	GO:0008083
Q9Y5R5	GO:0000978
Q8TAW3	GO:0000978
P36508	GO:0001228
P36508	GO:0000978
Q8NI17	GO:0004896
P60520	GO:0031625
P60520	GO:0008017
P10074	GO:0000978
Q9Y585	GO:0004984
Q9NWS9	GO:0000978
Q6ZMU5	GO:0061630
Q96BF6	GO:0001227
Q96BF6	GO:0000978
Q96BF6	GO:0042826
A0A075B7E8	GO:0034987
Q8N300	GO:0008017
Q8WVM8	GO:0019905
Q00056	GO:0000978
Q6IEY1	GO:0004984
A6NIV6	GO:0004722
P0C870	GO:0035064
Q8N9F8	GO:0000978
P17023	GO:0001227
Q969S9	GO:0003924
P05546	GO:0004867
O75387	GO:0015171
Q9UQR1	GO:0001227
Q9UQR1	GO:0000978
P55085	GO:0002020
P01880	GO:0034987
Q9NX07	GO:0000049
Q32MQ0	GO:0001227
Q32MQ0	GO:0001228
Q32MQ0	GO:0000978
Q96EK4	GO:0001227
Q96EK4	GO:0008270
Q96EK4	GO:0000978
Q9UBT2	GO:0046982
Q9UBT2	GO:0005524
P57082	GO:0000978
P01275	GO:0005179
O76094	GO:0043022
Q9UK08	GO:0003924
Q99748	GO:0008083
Q14145	GO:0061629
P12429	GO:0005509
P12429	GO:0005544
Q8TBN0	GO:0005085
Q14677	GO:0045296
P04075	GO:0045296
Q92930	GO:0003924
O43670	GO:0008017
Q92826	GO:0001227
Q92826	GO:0000978
Q15717	GO:0003725
Q15717	GO:0003730
Q99961	GO:0045296
Q9UBX1	GO:0004197
P62273	GO:0008270
Q8WW33	GO:0000049
P01298	GO:0005179
P41227	GO:0043022
Q93086	GO:0005524
P13693	GO:0005509
P0DUB6	GO:0005509
Q7Z7A4	GO:0005524
Q9NP81	GO:0000049
Q8NH19	GO:0004984
Q9UKM7	GO:0005509
P28039	GO:0005509
P10636	GO:0017124
P10636	GO:0008017
P10636	GO:0003697
P01111	GO:0005525
P01111	GO:0003924
Q8NG06	GO:0061630
Q06124	GO:0045296
Q06124	GO:0030971
Q06124	GO:0004725
Q99986	GO:0004674
P30874	GO:0030165
Q92844	GO:0031625
Q92844	GO:0004843
O43915	GO:0008083
P22033	GO:0003924
Q92890	GO:0004843
P54252	GO:0031625
P54252	GO:0004843
Q9H305	GO:0008270
Q8NGE1	GO:0004984
O43809	GO:0042826
P01033	GO:0008270
P01033	GO:0002020
O75159	GO:0030971
O43581	GO:0005509
O43581	GO:0005544
A8MV23	GO:0004867
Q9ULX9	GO:0001228
Q9ULX9	GO:0000978
Q9NZ09	GO:0043130
P35558	GO:0005525
P30304	GO:0004725
P40238	GO:0004896
Q3ZCT1	GO:0000978
Q06330	GO:0001228
Q06330	GO:0000978
Q06330	GO:0061629
Q8WYQ5	GO:0003725
Q9Y692	GO:0001228
Q9Y692	GO:0000978
Q8NH51	GO:0004984
Q9NXA8	GO:0008270
Q6NUK1	GO:0005509
P50990	GO:0045296
Q9Y256	GO:0004222
Q9Y256	GO:0004197
P61313	GO:0045296
P05121	GO:0002020
P05121	GO:0004867
Q8WTW4	GO:0005096
Q9Y2U9	GO:1990756
P20264	GO:0000978
Q9UEE5	GO:0004674
Q9UEE5	GO:0005524
P32297	GO:0005231
P32297	GO:1904315
Q14188	GO:0001228
O43665	GO:0005096
O43665	GO:0003924
O60393	GO:0000978
Q01851	GO:0000978
Q969F0	GO:0031625
P11940	GO:0003730
P52657	GO:0046982
Q9UJU2	GO:0001228
Q9UJU2	GO:0000978
Q9UJU2	GO:0042826
Q08334	GO:0004896
Q13637	GO:0005525
Q13637	GO:0003924
Q8WXG8	GO:0005509
Q9BVK6	GO:0019905
Q6DN72	GO:0019903
A6NNY8	GO:0004197
Q9P0N9	GO:0005096
Q9P0N9	GO:0031267
Q13418	GO:0004674
Q9Y243	GO:0004674
Q9Y243	GO:0005524
P30041	GO:0031625
P30041	GO:0045296
O00244	GO:0005507
Q8WUX1	GO:0015171
Q96MU6	GO:0001227
P62508	GO:0000978
Q13571	GO:0031625
Q14457	GO:0031625
P26641	GO:0045296
P20809	GO:0008083
O00141	GO:0004674
P23760	GO:0000978
O00445	GO:0005509
O00445	GO:0019905
O00445	GO:0005544
O15315	GO:0003697
Q14344	GO:0005085
Q14344	GO:0003924
P19484	GO:0000978
Q9HBH0	GO:0005525
Q9HBH0	GO:0005085
Q9HBH0	GO:0003924
Q8WXB4	GO:0001228
Q8WXB4	GO:0000978
P01591	GO:0003697
P01591	GO:0034987
Q9UH99	GO:0008017
P21917	GO:0017124
Q9NYL2	GO:0004674
Q9NYL2	GO:0005524
O15287	GO:0003684
Q04864	GO:0001228
Q04864	GO:0000978
Q3LFD5	GO:0004197
Q3LFD5	GO:0004843
Q9BQW3	GO:0000978
O75897	GO:0008146
Q71U36	GO:0005525
P78556	GO:0008009
Q92615	GO:0003730
Q92737	GO:0003924
Q9Y5C1	GO:0008083
Q9Y624	GO:0030165
Q9Y624	GO:0045296
P12544	GO:0004252
Q9H875	GO:0003725
P56817	GO:0001540
Q9Y2K1	GO:0001227
Q9Y2K1	GO:0000978
Q9Y2K1	GO:0046982
Q96PN8	GO:0004674
P17041	GO:0000978
P51668	GO:0031625
P51668	GO:0061630
P51668	GO:0061631
Q3B8N5	GO:0000978
O15119	GO:0001227
O15119	GO:0001228
O15119	GO:0000978
O15264	GO:0004674
P17676	GO:0000978
Q9H015	GO:0030165
Q9H015	GO:0015171
P47712	GO:0005509
P47712	GO:0005544
P0CF74	GO:0034987
Q49MG5	GO:0008017
P48167	GO:0005254
P48167	GO:0005231
P48167	GO:1904315
O43143	GO:0003725
Q8N7C7	GO:0061630
Q13158	GO:0002020
Q8IVH2	GO:0001227
Q8IVH2	GO:0000978
P29353	GO:0030971
Q8NGB9	GO:0004984
P06730	GO:0003743
Q9NY33	GO:0008270
Q15493	GO:0005509
Q15493	GO:0008270
P78545	GO:0001228
Q8N680	GO:0001227
Q8N680	GO:0000978
Q9Y4K3	GO:0031625
Q9Y4K3	GO:0061630
Q9Y4K3	GO:0042826
A8MTJ6	GO:0000978
P13798	GO:0004252
Q7Z7K2	GO:0000978
P51460	GO:0002020
P49802	GO:0005096
P49802	GO:0003924
P51955	GO:0004674
P51955	GO:0019903
P23771	GO:0001227
P23771	GO:0001228
P23771	GO:0000978
P23771	GO:0061629
Q8TE54	GO:0005254
P09016	GO:0001228
P09016	GO:0000978
Q8TC05	GO:0008017
P48723	GO:0016887
P48723	GO:0005524
Q8NEK5	GO:0000978
P01350	GO:0005179
P0C7X2	GO:0001227
Q8IUB3	GO:0004867
P24588	GO:0017124
Q6UXT8	GO:0030971
A2RRD8	GO:0000978
Q9H7L9	GO:0042826
Q9UHD1	GO:0008270
O43541	GO:0031625
P01766	GO:0034987
Q9NX45	GO:0000978
Q8IVA1	GO:0005085
P36402	GO:0000978
A8K8V0	GO:0001227
Q9HAT8	GO:0061630
Q6P050	GO:0061630
P48065	GO:0015171
Q8IYI8	GO:0001227
Q8NE63	GO:0004674
Q8NE63	GO:0004713
Q9BYS8	GO:0004722
Q9UI95	GO:0061629
P56559	GO:0005525
P61952	GO:0003924
P01148	GO:0005179
Q9ULW5	GO:0005525
Q9ULW5	GO:0003924
Q14CS0	GO:0043130
O95067	GO:0045296
Q6IV72	GO:0001227
P15036	GO:0001227
P15036	GO:0000978
P15036	GO:0061629
O00204	GO:0015485
O00204	GO:0008146
Q8IXZ3	GO:0000978
P23142	GO:0005509
Q6AZZ1	GO:0061630
P63218	GO:0030165
P63218	GO:0003924
Q9NVD7	GO:0045296
P14151	GO:0005509
P14151	GO:0002020
Q9UL15	GO:0031625
Q8NGR2	GO:0004984
Q08116	GO:0005096
Q08116	GO:0003924
Q01094	GO:0000978
Q9UBI6	GO:0030165
Q8N1W2	GO:0000978
Q9H4K7	GO:0005525
Q9H4K7	GO:0003924
Q8NGN7	GO:0004984
Q9Y252	GO:0061630
Q8NFX7	GO:0005546
Q14585	GO:0001228
Q14585	GO:0000978
P31323	GO:0031625
Q13434	GO:0061630
P31276	GO:0000978
Q8NGC5	GO:0004984
P14210	GO:0004252
P14210	GO:0008083
P50548	GO:0001227
O95741	GO:0005509
O95741	GO:0005544
P20592	GO:0008017
P20592	GO:0005525
P20592	GO:0003924
P45452	GO:0004222
P45452	GO:0005509
P45452	GO:0008270
P45452	GO:0004252
Q9UJT1	GO:0005525
P23415	GO:0005254
P23415	GO:0005231
P23415	GO:0008270
P23415	GO:1904315
Q9ULZ3	GO:0002020
Q9H3M9	GO:0004843
P07766	GO:0017124
Q8NGF6	GO:0004984
Q9UJU5	GO:0001227
Q9UJU5	GO:0000978
P08865	GO:0043022
P60174	GO:0031625
Q6ZT62	GO:0005096
P49459	GO:0031625
P49459	GO:0061631
P49459	GO:0043130
Q8IW36	GO:0000978
P62253	GO:0031625
P62253	GO:0061631
P49238	GO:0008528
O43529	GO:0008146
Q9UPT9	GO:0004843
Q9H497	GO:0016887
P49069	GO:0031625
O60258	GO:0008083
Q5W0Z9	GO:0008270
Q9Y651	GO:0000978
P04629	GO:0004713
P17252	GO:0004674
P61204	GO:0005525
A0MZ66	GO:0045296
O95182	GO:0008137
P31277	GO:0000978
Q9UBL9	GO:0005524
P20783	GO:0008083
Q96IT1	GO:0000978
O14503	GO:0001227
O14503	GO:0000978
O14503	GO:0046982
Q9BXR6	GO:0046982
Q92583	GO:0008009
Q9HAU4	GO:0061630
P61106	GO:0005525
P61106	GO:0003924
Q9BWX5	GO:0000978
P41220	GO:0005096
P41220	GO:0003924
Q8IYU8	GO:0005509
Q8IYU8	GO:0046982
Q08881	GO:0004713
Q9UHB6	GO:0045296
Q9NRW1	GO:0003924
Q9Y4K0	GO:0005509
Q9Y4K0	GO:0005507
P00734	GO:0004252
P00734	GO:0008083
Q8N3Y7	GO:0061629
Q6U7Q0	GO:0000978
Q9Y6M9	GO:0008137
P46527	GO:0031625
P46527	GO:0019903
Q96F44	GO:0061630
Q96E52	GO:0004222
Q01101	GO:0001227
Q01101	GO:0000978
Q01101	GO:0042826
P54920	GO:0019905
P53041	GO:0005524
P53041	GO:0004722
P31944	GO:0004197
Q14240	GO:0016887
Q14240	GO:0003743
Q9H000	GO:0061630
Q12948	GO:0001228
Q12948	GO:0000978
Q12948	GO:0061629
Q8NGZ3	GO:0004984
Q8NGR6	GO:0004984
Q8IUE0	GO:0000978
O95685	GO:0004722
Q96MM3	GO:0000978
Q14161	GO:0005096
Q14161	GO:0031267
P33151	GO:0005509
P33151	GO:0019903
P33151	GO:0045296
A8K0S8	GO:0001228
A8K0S8	GO:0000978
Q8N9V2	GO:0061630
P47871	GO:0008528
Q3B820	GO:0008017
O60347	GO:0005096
P51508	GO:0000978
Q9BXS0	GO:0001540
Q14209	GO:0001228
Q14209	GO:0000978
Q15973	GO:0001227
P22234	GO:0045296
P49798	GO:0003924
Q99999	GO:0008146
P17844	GO:0003730
Q99471	GO:0001540
P19622	GO:0000978
Q86YV9	GO:0031267
Q9NSD4	GO:0000978
O43680	GO:0001227
Q9BUP0	GO:0005509
P43363	GO:0042826
Q9UBS8	GO:0061630
Q96PE6	GO:0000978
O76031	GO:0016887
O76031	GO:0005524
P27695	GO:0003684
P0DP24	GO:0005509
Q8IWA4	GO:0003924
Q16656	GO:0001228
Q16656	GO:0000978
O75438	GO:0008137
Q96BD6	GO:1990756
Q7Z7A3	GO:0000049
Q6NSW7	GO:0000978
P49771	GO:0030971
P03956	GO:0004222
P03956	GO:0004252
Q8TAS1	GO:0004674
Q8TAS1	GO:0005524
O75603	GO:0000978
Q8TBA6	GO:0031267
O14944	GO:0008083
P35813	GO:0004722
P61758	GO:0001540
Q8NE35	GO:0003730
Q8NE35	GO:0043022
P35557	GO:0005524
Q12946	GO:0001228
Q12946	GO:0000978
Q99542	GO:0004222
Q99542	GO:0004252
P10826	GO:0000978
O00213	GO:0031625
O00213	GO:0001540
O43677	GO:0008137
P01042	GO:0008270
P63244	GO:0030971
P63244	GO:0019903
P63244	GO:0043022
P63244	GO:0045296
Q8NGG5	GO:0004984
Q9UHW5	GO:0003924
A0A2R8Y4M4	GO:0061630
P04080	GO:0002020
Q02818	GO:0005509
Q04206	GO:0042826
Q04206	GO:0031625
Q04206	GO:0001227
Q04206	GO:0000978
Q04206	GO:0001228
P51878	GO:0004197
P10082	GO:0005179
Q93096	GO:0004725
O75830	GO:0004867
P38484	GO:0004896
Q8IUB2	GO:0004867
Q01449	GO:0005509
Q96B02	GO:0031625
Q96B02	GO:0061631
Q96A44	GO:1990756
Q96C34	GO:0005096
Q15056	GO:0045296
P11597	GO:0015485
A8MYZ6	GO:0000978
O75106	GO:0005507
P05129	GO:0004674
P01375	GO:0002020
Q9BRP8	GO:0043022
Q9UJW2	GO:0004197
P14373	GO:0061630
Q8NGY1	GO:0004984
Q8NH49	GO:0004984
Q16236	GO:0000978
Q16236	GO:0061629
P55212	GO:0004197
Q86UR1	GO:0017124
Q86UR1	GO:0031267
P19419	GO:0001228
P19419	GO:0000978
P19419	GO:0061629
Q9NVV4	GO:0005524
Q6PCT2	GO:0008270
P62491	GO:0008017
P62491	GO:0005525
P62491	GO:0019905
P62491	GO:0003924
Q9NPJ1	GO:0061629
Q8NGD2	GO:0004984
P05090	GO:0015485
Q07820	GO:0046982
Q8TC07	GO:0005096
Q13489	GO:0061630
O43674	GO:0008137
Q8N474	GO:0005109
Q8N474	GO:0004197
P43235	GO:0004197
P43235	GO:0004252
P13010	GO:0031625
P17509	GO:0000978
Q712K3	GO:0061631
P49023	GO:0019903
Q15612	GO:0004984
P15976	GO:0001228
P15976	GO:0000978
P15976	GO:0061629
Q9BYU1	GO:0000978
Q13106	GO:0000978
P13928	GO:0005509
P13928	GO:0005546
P13928	GO:0005544
Q58FF7	GO:0005524
Q8NGM1	GO:0004984
Q16649	GO:0001227
Q16649	GO:0000978
O43866	GO:0004252
Q9UH65	GO:0045296
Q9UH65	GO:0005085
P23560	GO:0008083
Q969T9	GO:0000978
Q9UQM7	GO:0004674
Q96FQ6	GO:0005509
Q8N6T7	GO:0003684
Q8NH90	GO:0004984
P51948	GO:0008270
Q8IZ81	GO:0005096
A0A087WUV0	GO:0000978
Q9C026	GO:0061630
P21108	GO:0005524
P63208	GO:1990756
Q9BX82	GO:0000978
Q14258	GO:0061630
Q14258	GO:0045296
Q3C1V8	GO:0000978
Q8NG78	GO:0004984
Q96S53	GO:0004674
P62258	GO:0031625
P62258	GO:0042826
P62258	GO:0046982
P62258	GO:0045296
P50238	GO:0008270
P01871	GO:0003697
P01871	GO:0034987
Q7Z6K1	GO:0002020
P62829	GO:0031625
Q8IWS0	GO:0042826
P67936	GO:0005509
Q3SY56	GO:0000978
Q04743	GO:0000978
Q9BUZ4	GO:0031625
Q9H222	GO:0016887
Q9H222	GO:0046982
Q9H222	GO:0005524
Q96QE2	GO:0002020
P37173	GO:0004674
Q13562	GO:0061629
Q13562	GO:0001228
Q13562	GO:0000978
Q13562	GO:0046982
O14512	GO:0017124
P51991	GO:0003730
Q9ULM2	GO:0000978
Q9Y603	GO:0001227
Q9Y4W6	GO:0004222
Q07837	GO:0015171
P08047	GO:0001228
P08047	GO:0000978
P08047	GO:0042826
Q9Y696	GO:0005254
Q96A33	GO:0005509
Q96A33	GO:0043022
P09234	GO:0008270
Q9HC73	GO:0004896
Q9H920	GO:0061630
P02818	GO:0005509
Q7Z628	GO:0005085
P0DOY2	GO:0034987
Q9UMS4	GO:0061630
Q8NCT1	GO:1990756
P50479	GO:0019903
P29034	GO:0005509
O14978	GO:0001227
O14978	GO:0000978
P23763	GO:0019905
A0A0B4J1V6	GO:0034987
O95376	GO:0008270
O95376	GO:0061630
Q96SZ4	GO:0000978
P15529	GO:0045296
Q92597	GO:0008017
Q92597	GO:0031267
Q92597	GO:0045296
Q9P0L2	GO:0004674
Q9P0L2	GO:0005546
Q9P0L2	GO:0005524
P02689	GO:0015485
O14744	GO:0046982
Q8NGQ6	GO:0004984
O00358	GO:0000978
Q06187	GO:0005524
Q06187	GO:0004713
O75290	GO:0000978
Q9BRK5	GO:0005509
Q13627	GO:0004674
P16050	GO:0005546
Q96T25	GO:0000978
Q6ZVX7	GO:0061630
Q9BT17	GO:0003924
Q1L5Z9	GO:0061630
Q9NZI5	GO:0001228
Q9NZI5	GO:0000978
Q9P0T4	GO:0000978
P30988	GO:0008528
P30988	GO:0001540
Q96BN8	GO:0004843
P23409	GO:0000978
Q96EX2	GO:0061630
Q8N9Z0	GO:0000978
Q9BYJ9	GO:0043022
Q9H4S2	GO:0000978
Q9NQX7	GO:0001540
P48539	GO:0005509
P37198	GO:0043130
Q92886	GO:0000978
Q3KR37	GO:0015485
